grid,rank,side,n_chunks,padded_leaves,leaf_order,construction,shape,alignment,level,group_k,k_chunks,n_coarse,naive_rebin_coarse,witness_nodes,fill_in_nodes,wire_bytes,compares,bytes_hashed,write_path_nodes,localized,suspect_groups,drill_rounds,drill_wire_bytes,two_phase_bytes,extract_ms,extract_ci95_low,extract_ci95_high,verify_ms,verify_ci95_low,verify_ci95_high,trials
pow2,2,256,65536,65536,row_major,naive_dedup,all,n/a,0,1,65536,65536,65536,131070,0,7864340,65536,268435456,17,group+chunk,1,0,0,7864340,17.929105,17.813526,18.123377,368.683903,368.437789,368.920780,30
pow2,2,256,65536,65536,row_major,naive_dedup,all,n/a,1,2,65536,32768,32768,65534,0,3932180,32768,268435456,17,group+chunk,1,1,80,3932260,9.764995,9.740545,9.837267,293.740493,293.586062,293.799465,30
pow2,2,256,65536,65536,row_major,naive_dedup,all,n/a,2,4,65536,16384,16384,32766,0,1966100,16384,268435456,17,group+chunk,1,2,160,1966260,5.663579,5.656216,5.677185,258.435047,258.240279,258.584474,30
pow2,2,256,65536,65536,row_major,naive_dedup,all,n/a,3,8,65536,8192,8192,16382,0,983060,8192,268435456,17,group+chunk,1,3,240,983300,3.840519,3.834908,3.850688,242.079797,242.032768,242.314330,30
pow2,2,256,65536,65536,row_major,naive_dedup,all,n/a,4,16,65536,4096,4096,8190,0,491540,4096,268435456,17,group+chunk,1,4,320,491860,2.993705,2.977911,2.999591,234.462345,234.258485,234.849876,30
pow2,2,256,65536,65536,row_major,naive_dedup,all,n/a,5,32,65536,2048,2048,4094,0,245780,2048,268435456,17,group+chunk,1,5,400,246180,2.611750,2.592128,2.625460,230.480624,230.068522,230.701007,30
pow2,2,256,65536,65536,row_major,naive_dedup,all,n/a,6,64,65536,1024,1024,2046,0,122900,1024,268435456,17,group+chunk,1,6,480,123380,2.430187,2.421375,2.435992,228.894722,228.647500,229.066796,30
pow2,2,256,65536,65536,row_major,naive_dedup,all,n/a,7,128,65536,512,512,1022,0,61460,512,268435456,17,group+chunk,1,7,560,62020,2.373139,2.367519,2.381890,227.261313,227.133533,227.443228,30
pow2,2,256,65536,65536,row_major,naive_dedup,all,n/a,8,256,65536,256,256,510,0,30740,256,268435456,17,group+chunk,1,8,640,31380,2.329252,2.321668,2.341769,227.011072,226.912084,227.098286,30
pow2,2,256,65536,65536,row_major,naive_dedup,all,n/a,9,512,65536,128,128,254,0,15380,128,268435456,17,group+chunk,1,9,720,16100,2.325414,2.316838,2.331150,226.887484,226.666216,227.014558,30
pow2,2,256,65536,65536,row_major,naive_dedup,all,n/a,10,1024,65536,64,64,126,0,7700,64,268435456,17,group+chunk,1,10,800,8500,2.282663,2.261263,2.290063,226.824374,226.666937,226.992271,30
pow2,2,256,65536,65536,row_major,naive_dedup,all,n/a,11,2048,65536,32,32,62,0,3860,32,268435456,17,group+chunk,1,11,880,4740,2.322994,2.318687,2.330308,226.798375,226.641258,226.960341,30
pow2,2,256,65536,65536,row_major,naive_dedup,all,n/a,12,4096,65536,16,16,30,0,1940,16,268435456,17,group+chunk,1,12,960,2900,2.321176,2.305631,2.329837,227.005325,226.834519,227.110204,30
pow2,2,256,65536,65536,row_major,canonical_pruned,all,n/a,0,1,65536,65536,65536,0,0,2621540,65536,268435456,17,wide+chunk,65536,0,0,2621540,8.865868,8.853015,8.878333,234.537497,234.346041,234.777961,30
pow2,2,256,65536,65536,row_major,canonical_pruned,all,n/a,1,2,65536,32768,32768,0,0,1310820,32768,268435456,17,wide+chunk,32768,1,80,1310900,5.847527,5.836371,5.857886,231.304189,231.111822,231.499628,30
pow2,2,256,65536,65536,row_major,canonical_pruned,all,n/a,2,4,65536,16384,16384,0,0,655460,16384,268435456,17,wide+chunk,16384,2,160,655620,4.017162,4.008521,4.019291,229.244022,229.168168,229.349816,30
pow2,2,256,65536,65536,row_major,canonical_pruned,all,n/a,3,8,65536,8192,8192,0,0,327780,8192,268435456,17,wide+chunk,8192,3,240,328020,3.159663,3.152390,3.164638,228.430665,228.295817,228.501700,30
pow2,2,256,65536,65536,row_major,canonical_pruned,all,n/a,4,16,65536,4096,4096,0,0,163940,4096,268435456,17,wide+chunk,4096,4,320,164260,2.750867,2.744991,2.756403,227.772624,227.664085,227.913550,30
pow2,2,256,65536,65536,row_major,canonical_pruned,all,n/a,5,32,65536,2048,2048,0,0,82020,2048,268435456,17,wide+chunk,2048,5,400,82420,2.461907,2.449623,2.469040,227.393573,227.200298,227.644342,30
pow2,2,256,65536,65536,row_major,canonical_pruned,all,n/a,6,64,65536,1024,1024,0,0,41060,1024,268435456,17,wide+chunk,1024,6,480,41540,2.413811,2.394494,2.421636,227.158966,227.006168,227.385323,30
pow2,2,256,65536,65536,row_major,canonical_pruned,all,n/a,7,128,65536,512,512,0,0,20580,512,268435456,17,wide+chunk,512,7,560,21140,2.343328,2.327774,2.364077,230.080344,229.180356,233.018199,30
pow2,2,256,65536,65536,row_major,canonical_pruned,all,n/a,8,256,65536,256,256,0,0,10340,256,268435456,17,wide+chunk,256,8,640,10980,2.350111,2.336054,2.364202,227.240679,227.054769,227.396904,30
pow2,2,256,65536,65536,row_major,canonical_pruned,all,n/a,9,512,65536,128,128,0,0,5220,128,268435456,17,wide+chunk,128,9,720,5940,2.326190,2.321466,2.333735,227.287924,226.823914,228.404602,30
pow2,2,256,65536,65536,row_major,canonical_pruned,all,n/a,10,1024,65536,64,64,0,0,2660,64,268435456,17,wide+chunk,64,10,800,3460,2.307631,2.293990,2.321010,227.501518,227.398327,227.694146,30
pow2,2,256,65536,65536,row_major,canonical_pruned,all,n/a,11,2048,65536,32,32,0,0,1380,32,268435456,17,wide+chunk,32,11,880,2260,2.296224,2.291875,2.307975,227.373681,227.228467,227.511801,30
pow2,2,256,65536,65536,row_major,canonical_pruned,all,n/a,12,4096,65536,16,16,0,0,740,16,268435456,17,wide+chunk,16,12,960,1700,2.289081,2.277599,2.295692,227.333099,227.196416,227.377603,30
pow2,2,256,65536,65536,row_major,naive_dedup,block,aligned,0,1,1024,1024,1024,2145,0,126860,1024,4194304,17,group+chunk,1,0,0,126860,0.222871,0.222274,0.223196,5.577236,5.576090,5.577607,30
pow2,2,256,65536,65536,row_major,naive_dedup,block,aligned,1,2,1024,512,512,1121,0,65420,512,4194304,17,group+chunk,1,1,80,65500,0.123297,0.123057,0.123704,4.438908,4.437461,4.440727,30
pow2,2,256,65536,65536,row_major,naive_dedup,block,aligned,2,4,1024,256,256,609,0,34700,256,4194304,17,group+chunk,1,2,160,34860,0.071180,0.070408,0.072653,3.901238,3.900627,3.902531,30
pow2,2,256,65536,65536,row_major,naive_dedup,block,aligned,3,8,1024,128,128,353,0,19340,128,4194304,17,group+chunk,1,3,240,19580,0.050049,0.049839,0.050239,3.641498,3.640531,3.642309,30
pow2,2,256,65536,65536,row_major,naive_dedup,block,aligned,4,16,1024,64,64,225,0,11660,64,4194304,17,group+chunk,1,4,320,11980,0.042029,0.041920,0.042125,3.521662,3.520885,3.522553,30
pow2,2,256,65536,65536,row_major,naive_dedup,block,aligned,5,32,1024,32,32,161,0,7820,32,4194304,17,group+chunk,1,5,400,8220,0.038673,0.038598,0.038738,3.466407,3.465526,3.467935,30
pow2,2,256,65536,65536,row_major,naive_dedup,block,aligned,6,64,1024,32,16,129,1024,47500,32,4194304,17,group+chunk,1,6,480,47980,0.067082,0.066445,0.067577,3.624892,3.622562,3.626735,30
pow2,2,256,65536,65536,row_major,naive_dedup,block,aligned,7,128,1024,32,8,97,3072,128140,32,4194304,17,group+chunk,1,7,560,128700,0.134018,0.133883,0.134850,3.959889,3.958852,3.960751,30
pow2,2,256,65536,65536,row_major,naive_dedup,block,aligned,8,256,1024,32,4,65,7168,290700,32,4194304,17,group+chunk,1,8,640,291340,0.275064,0.274709,0.275430,4.609445,4.608698,4.610382,30
pow2,2,256,65536,65536,row_major,naive_dedup,block,aligned,9,512,1024,16,2,33,7168,288780,16,4194304,17,group+chunk,1,9,720,289500,0.272935,0.272444,0.273586,4.589187,4.588050,4.591216,30
pow2,2,256,65536,65536,row_major,naive_dedup,block,aligned,10,1024,1024,8,1,17,7168,287820,8,4194304,17,group+chunk,1,10,800,288620,0.272134,0.271678,0.272525,4.581202,4.580154,4.583251,30
pow2,2,256,65536,65536,row_major,naive_dedup,block,aligned,11,2048,1024,4,1,9,7168,287340,4,4194304,17,group+chunk,1,11,880,288220,0.271903,0.271357,0.272534,4.579133,4.577500,4.580105,30
pow2,2,256,65536,65536,row_major,naive_dedup,block,aligned,12,4096,1024,2,1,5,7168,287100,2,4194304,17,group+chunk,1,12,960,288060,0.271192,0.270952,0.271508,4.576217,4.574854,4.578461,30
pow2,2,256,65536,65536,row_major,canonical_pruned,block,aligned,0,1,1024,1024,1024,99,0,45020,1024,4194304,17,wide+chunk,1024,0,0,45020,0.132831,0.132596,0.133081,3.542155,3.540713,3.544214,30
pow2,2,256,65536,65536,row_major,canonical_pruned,block,aligned,1,2,1024,512,512,99,0,24540,512,4194304,17,wide+chunk,512,1,80,24620,0.086529,0.086408,0.086703,3.498789,3.497987,3.500492,30
pow2,2,256,65536,65536,row_major,canonical_pruned,block,aligned,2,4,1024,256,256,99,0,14300,256,4194304,17,wide+chunk,256,2,160,14460,0.054177,0.053661,0.055479,3.464894,3.462220,3.466573,30
pow2,2,256,65536,65536,row_major,canonical_pruned,block,aligned,3,8,1024,128,128,99,0,9180,128,4194304,17,wide+chunk,128,3,240,9420,0.045791,0.045531,0.045947,3.451289,3.450492,3.451976,30
pow2,2,256,65536,65536,row_major,canonical_pruned,block,aligned,4,16,1024,64,64,99,0,6620,64,4194304,17,wide+chunk,64,4,320,6940,0.042926,0.042860,0.043061,3.446174,3.444882,3.446706,30
pow2,2,256,65536,65536,row_major,canonical_pruned,block,aligned,5,32,1024,32,32,99,0,5340,32,4194304,17,wide+chunk,32,5,400,5740,0.041323,0.041198,0.041528,3.443715,3.442182,3.444656,30
pow2,2,256,65536,65536,row_major,canonical_pruned,block,aligned,6,64,1024,32,16,67,1024,45020,32,4194304,17,wide+chunk,32,6,480,45500,0.070764,0.070564,0.070919,3.603201,3.602099,3.605220,30
pow2,2,256,65536,65536,row_major,canonical_pruned,block,aligned,7,128,1024,32,8,35,3072,125660,32,4194304,17,wide+chunk,32,7,560,126220,0.134529,0.134284,0.134870,3.932523,3.931160,3.933314,30
pow2,2,256,65536,65536,row_major,canonical_pruned,block,aligned,8,256,1024,32,4,3,7168,288220,32,4194304,17,wide+chunk,32,8,640,288860,0.275139,0.274768,0.275490,4.580535,4.579289,4.582019,30
pow2,2,256,65536,65536,row_major,canonical_pruned,block,aligned,9,512,1024,16,2,3,7168,287580,16,4194304,17,wide+chunk,16,9,720,288300,0.272379,0.271888,0.273756,4.577550,4.576218,4.578742,30
pow2,2,256,65536,65536,row_major,canonical_pruned,block,aligned,10,1024,1024,8,1,3,7168,287260,8,4194304,17,wide+chunk,8,10,800,288060,0.274543,0.273436,0.275575,4.576688,4.575862,4.578081,30
pow2,2,256,65536,65536,row_major,canonical_pruned,block,aligned,11,2048,1024,4,1,3,7168,287100,4,4194304,17,wide+chunk,4,11,880,287980,0.272785,0.272494,0.273181,4.573733,4.572601,4.574495,30
pow2,2,256,65536,65536,row_major,canonical_pruned,block,aligned,12,4096,1024,2,1,3,7168,287020,2,4194304,17,wide+chunk,2,12,960,287980,0.271688,0.271247,0.272073,4.573653,4.572440,4.574734,30
pow2,2,256,65536,65536,row_major,naive_dedup,block,offset,0,1,1024,1024,1024,2310,0,133460,1024,4194304,17,group+chunk,1,0,0,133460,0.236782,0.236421,0.237714,5.579110,5.577818,5.580072,30
pow2,2,256,65536,65536,row_major,naive_dedup,block,offset,1,2,1024,544,512,1286,64,75860,544,4194304,17,group+chunk,1,1,80,75940,0.140130,0.140024,0.140480,4.513950,4.512873,4.514726,30
pow2,2,256,65536,65536,row_major,naive_dedup,block,offset,2,4,1024,288,256,742,128,46420,288,4194304,17,group+chunk,1,2,160,46580,0.089459,0.088336,0.089940,3.975408,3.974697,3.976851,30
pow2,2,256,65536,65536,row_major,naive_dedup,block,offset,3,8,1024,160,128,454,256,34900,160,4194304,17,group+chunk,1,3,240,35140,0.066931,0.066470,0.067572,3.735201,3.733402,3.735962,30
pow2,2,256,65536,65536,row_major,naive_dedup,block,offset,4,16,1024,96,64,294,512,36180,96,4194304,17,group+chunk,1,4,320,36500,0.062859,0.062393,0.063685,3.650605,3.649097,3.653125,30
pow2,2,256,65536,65536,row_major,naive_dedup,block,offset,5,32,1024,64,32,198,1024,51540,64,4194304,17,group+chunk,1,5,400,51940,0.074075,0.073869,0.074401,3.682155,3.679971,3.683682,30
pow2,2,256,65536,65536,row_major,naive_dedup,block,offset,6,64,1024,32,16,134,1024,47700,32,4194304,17,group+chunk,1,6,480,48180,0.067362,0.066245,0.068304,3.621385,3.618534,3.622643,30
pow2,2,256,65536,65536,row_major,naive_dedup,block,offset,7,128,1024,32,8,102,3072,128340,32,4194304,17,group+chunk,1,7,560,128900,0.134649,0.134424,0.135361,3.958186,3.957259,3.958892,30
pow2,2,256,65536,65536,row_major,naive_dedup,block,offset,8,256,1024,32,4,70,7168,290900,32,4194304,17,group+chunk,1,8,640,291540,0.275390,0.274689,0.276382,4.607106,4.606074,4.608248,30
pow2,2,256,65536,65536,row_major,naive_dedup,block,offset,9,512,1024,17,2,38,7680,309500,17,4194304,17,group+chunk,1,9,720,310220,0.289506,0.289165,0.290203,4.672173,4.671547,4.673491,30
pow2,2,256,65536,65536,row_major,naive_dedup,block,offset,10,1024,1024,9,1,21,8192,328980,9,4194304,17,group+chunk,1,10,800,329780,0.305952,0.305296,0.306879,4.745963,4.744855,4.748026,30
pow2,2,256,65536,65536,row_major,naive_dedup,block,offset,11,2048,1024,5,1,12,9216,369420,5,4194304,17,group+chunk,1,11,880,370300,0.342817,0.342467,0.343569,4.906115,4.905213,4.907497,30
pow2,2,256,65536,65536,row_major,naive_dedup,block,offset,12,4096,1024,3,1,7,11264,451060,3,4194304,17,group+chunk,1,12,960,452020,0.413054,0.412709,0.413961,5.236594,5.234745,5.238923,30
pow2,2,256,65536,65536,row_major,canonical_pruned,block,offset,0,1,1024,1024,1024,264,0,51620,1024,4194304,17,wide+chunk,1024,0,0,51620,0.159436,0.159201,0.159676,3.582166,3.580378,3.583313,30
pow2,2,256,65536,65536,row_major,canonical_pruned,block,offset,1,2,1024,544,512,200,64,32420,544,4194304,17,wide+chunk,544,1,80,32500,0.108294,0.108129,0.108680,3.538824,3.538023,3.539942,30
pow2,2,256,65536,65536,row_major,canonical_pruned,block,offset,2,4,1024,288,256,168,128,23460,288,4194304,17,wide+chunk,288,2,160,23620,0.077677,0.077406,0.078268,3.511182,3.510306,3.512360,30
pow2,2,256,65536,65536,row_major,canonical_pruned,block,offset,3,8,1024,160,128,136,256,22180,160,4194304,17,wide+chunk,160,3,240,22420,0.061827,0.061426,0.062834,3.504805,3.502886,3.507105,30
pow2,2,256,65536,65536,row_major,canonical_pruned,block,offset,4,16,1024,96,64,104,512,28580,96,4194304,17,wide+chunk,96,4,320,28900,0.062668,0.062118,0.063265,3.529412,3.528630,3.533048,30
pow2,2,256,65536,65536,row_major,canonical_pruned,block,offset,5,32,1024,64,32,72,1024,46500,64,4194304,17,wide+chunk,64,5,400,46900,0.074376,0.073955,0.074636,3.609327,3.608200,3.611241,30
pow2,2,256,65536,65536,row_major,canonical_pruned,block,offset,6,64,1024,32,16,72,1024,45220,32,4194304,17,wide+chunk,32,6,480,45700,0.071796,0.071600,0.072312,3.603136,3.601347,3.605576,30
pow2,2,256,65536,65536,row_major,canonical_pruned,block,offset,7,128,1024,32,8,40,3072,125860,32,4194304,17,wide+chunk,32,7,560,126420,0.135250,0.135079,0.135891,3.932076,3.930890,3.932657,30
pow2,2,256,65536,65536,row_major,canonical_pruned,block,offset,8,256,1024,32,4,8,7168,288420,32,4194304,17,wide+chunk,32,8,640,289060,0.275650,0.274864,0.276192,4.578877,4.578060,4.580525,30
pow2,2,256,65536,65536,row_major,canonical_pruned,block,offset,9,512,1024,17,2,6,7680,308220,17,4194304,17,wide+chunk,17,9,720,308940,0.288980,0.288479,0.289577,4.660010,4.658632,4.662665,30
pow2,2,256,65536,65536,row_major,canonical_pruned,block,offset,10,1024,1024,9,1,5,8192,328340,9,4194304,17,wide+chunk,9,10,800,329140,0.305962,0.304329,0.306413,4.739390,4.737682,4.740663,30
pow2,2,256,65536,65536,row_major,canonical_pruned,block,offset,11,2048,1024,5,1,4,9216,369100,5,4194304,17,wide+chunk,5,11,880,369980,0.342276,0.342015,0.342662,4.901606,4.900705,4.901987,30
pow2,2,256,65536,65536,row_major,canonical_pruned,block,offset,12,4096,1024,3,1,3,11264,450900,3,4194304,17,wide+chunk,3,12,960,451860,0.411341,0.410735,0.413330,5.234609,5.233608,5.235782,30
pow2,2,256,65536,65536,row_major,naive_dedup,strided,aligned,0,1,1024,1024,1024,3137,0,166540,1024,4194304,17,group+chunk,1,0,0,166540,0.986768,0.986141,0.988676,6.385031,6.380803,6.388463,30
pow2,2,256,65536,65536,row_major,naive_dedup,strided,aligned,1,2,1024,1024,512,2113,1024,166540,1024,4194304,17,group+chunk,1,1,80,166620,0.987804,0.985575,0.990435,6.425071,6.420568,6.430072,30
pow2,2,256,65536,65536,row_major,naive_dedup,strided,aligned,2,4,1024,512,256,1089,1024,105100,512,4194304,17,group+chunk,1,2,160,105260,0.897389,0.896217,0.897749,5.360648,5.354757,5.368703,30
pow2,2,256,65536,65536,row_major,naive_dedup,strided,aligned,3,8,1024,256,128,577,1024,74380,256,4194304,17,group+chunk,1,3,240,74620,0.849814,0.848541,0.851923,4.860108,4.854112,4.865643,30
pow2,2,256,65536,65536,row_major,naive_dedup,strided,aligned,4,16,1024,128,64,321,1024,59020,128,4194304,17,group+chunk,1,4,320,59340,0.824582,0.822652,0.828369,4.619820,4.614310,4.633856,30
pow2,2,256,65536,65536,row_major,naive_dedup,strided,aligned,5,32,1024,64,32,193,1024,51340,64,4194304,17,group+chunk,1,5,400,51740,0.822628,0.820794,0.823023,4.510739,4.504312,4.515754,30
pow2,2,256,65536,65536,row_major,naive_dedup,strided,aligned,6,64,1024,32,16,129,1024,47500,32,4194304,17,group+chunk,1,6,480,47980,0.815319,0.814948,0.816391,4.459101,4.455524,4.467548,30
pow2,2,256,65536,65536,row_major,naive_dedup,strided,aligned,7,128,1024,32,8,97,3072,128140,32,4194304,17,group+chunk,1,7,560,128700,0.894173,0.893446,0.895751,4.790612,4.787701,4.794580,30
pow2,2,256,65536,65536,row_major,naive_dedup,strided,aligned,8,256,1024,32,4,65,7168,290700,32,4194304,17,group+chunk,1,8,640,291340,1.033365,1.032249,1.033997,5.439201,5.434006,5.442277,30
pow2,2,256,65536,65536,row_major,naive_dedup,strided,aligned,9,512,1024,16,2,33,7168,288780,16,4194304,17,group+chunk,1,9,720,289500,1.029844,1.029308,1.030921,5.419905,5.415491,5.425956,30
pow2,2,256,65536,65536,row_major,naive_dedup,strided,aligned,10,1024,1024,8,1,17,7168,287820,8,4194304,17,group+chunk,1,10,800,288620,1.020631,1.019865,1.021644,5.404270,5.401595,5.406034,30
pow2,2,256,65536,65536,row_major,naive_dedup,strided,aligned,11,2048,1024,4,1,9,7168,287340,4,4194304,17,group+chunk,1,11,880,288220,1.022495,1.022159,1.024309,5.399280,5.392979,5.404265,30
pow2,2,256,65536,65536,row_major,naive_dedup,strided,aligned,12,4096,1024,2,1,5,7168,287100,2,4194304,17,group+chunk,1,12,960,288060,1.022726,1.021123,1.024404,5.398885,5.393856,5.405142,30
pow2,2,256,65536,65536,row_major,canonical_pruned,strided,aligned,0,1,1024,1024,1024,1091,0,84700,1024,4194304,17,wide+chunk,1024,0,0,84700,0.998374,0.996116,0.999376,4.562121,4.557071,4.566349,30
pow2,2,256,65536,65536,row_major,canonical_pruned,strided,aligned,1,2,1024,1024,512,67,1024,84700,1024,4194304,17,wide+chunk,1024,1,80,84780,0.916115,0.913364,0.921148,4.542990,4.537775,4.554571,30
pow2,2,256,65536,65536,row_major,canonical_pruned,strided,aligned,2,4,1024,512,256,67,1024,64220,512,4194304,17,wide+chunk,512,2,160,64380,0.862934,0.861395,0.866225,4.492895,4.488060,4.496496,30
pow2,2,256,65536,65536,row_major,canonical_pruned,strided,aligned,3,8,1024,256,128,67,1024,53980,256,4194304,17,wide+chunk,256,3,240,54220,0.840241,0.837692,0.843948,4.466591,4.462663,4.469832,30
pow2,2,256,65536,65536,row_major,canonical_pruned,strided,aligned,4,16,1024,128,64,67,1024,48860,128,4194304,17,wide+chunk,128,4,320,49180,0.828584,0.826525,0.830126,4.448346,4.437356,4.451391,30
pow2,2,256,65536,65536,row_major,canonical_pruned,strided,aligned,5,32,1024,64,32,67,1024,46300,64,4194304,17,wide+chunk,64,5,400,46700,0.817287,0.814819,0.820264,4.436749,4.428243,4.439815,30
pow2,2,256,65536,65536,row_major,canonical_pruned,strided,aligned,6,64,1024,32,16,67,1024,45020,32,4194304,17,wide+chunk,32,6,480,45500,0.819572,0.817108,0.820399,4.433728,4.428057,4.440391,30
pow2,2,256,65536,65536,row_major,canonical_pruned,strided,aligned,7,128,1024,32,8,35,3072,125660,32,4194304,17,wide+chunk,32,7,560,126220,0.894138,0.891027,0.895700,4.764938,4.760701,4.769302,30
pow2,2,256,65536,65536,row_major,canonical_pruned,strided,aligned,8,256,1024,32,4,3,7168,288220,32,4194304,17,wide+chunk,32,8,640,288860,1.030370,1.028667,1.032023,5.409365,5.406961,5.415221,30
pow2,2,256,65536,65536,row_major,canonical_pruned,strided,aligned,9,512,1024,16,2,3,7168,287580,16,4194304,17,wide+chunk,16,9,720,288300,1.026908,1.025146,1.028341,5.409239,5.407617,5.412726,30
pow2,2,256,65536,65536,row_major,canonical_pruned,strided,aligned,10,1024,1024,8,1,3,7168,287260,8,4194304,17,wide+chunk,8,10,800,288060,1.025110,1.023136,1.027570,5.405227,5.399205,5.408388,30
pow2,2,256,65536,65536,row_major,canonical_pruned,strided,aligned,11,2048,1024,4,1,3,7168,287100,4,4194304,17,wide+chunk,4,11,880,287980,1.026177,1.023843,1.028150,5.404275,5.400719,5.410302,30
pow2,2,256,65536,65536,row_major,canonical_pruned,strided,aligned,12,4096,1024,2,1,3,7168,287020,2,4194304,17,wide+chunk,2,12,960,287980,1.025806,1.022440,1.029103,5.404516,5.401501,5.409776,30
pow2,2,256,65536,65536,row_major,naive_dedup,strided,offset,0,1,1024,1024,1024,3238,0,170580,1024,4194304,17,group+chunk,1,0,0,170580,1.003544,1.002382,1.004345,6.377006,6.374722,6.380893,30
pow2,2,256,65536,65536,row_major,naive_dedup,strided,offset,1,2,1024,1024,512,2214,1024,170580,1024,4194304,17,group+chunk,1,1,80,170660,1.002778,1.001881,1.004120,6.420128,6.417893,6.425222,30
pow2,2,256,65536,65536,row_major,naive_dedup,strided,offset,2,4,1024,512,256,1190,1024,109140,512,4194304,17,group+chunk,1,2,160,109300,0.910819,0.908370,0.915498,5.349858,5.345895,5.362801,30
pow2,2,256,65536,65536,row_major,naive_dedup,strided,offset,3,8,1024,256,128,678,1024,78420,256,4194304,17,group+chunk,1,3,240,78660,0.860414,0.859352,0.861992,4.853430,4.843898,4.859426,30
pow2,2,256,65536,65536,row_major,naive_dedup,strided,offset,4,16,1024,128,64,422,1024,63060,128,4194304,17,group+chunk,1,4,320,63380,0.832336,0.830307,0.833122,4.610126,4.605287,4.614560,30
pow2,2,256,65536,65536,row_major,naive_dedup,strided,offset,5,32,1024,96,32,294,2048,97620,96,4194304,17,group+chunk,1,5,400,98020,0.873539,0.873123,0.874030,4.714328,4.710566,4.720710,30
pow2,2,256,65536,65536,row_major,naive_dedup,strided,offset,6,64,1024,64,16,198,3072,133460,64,4194304,17,group+chunk,1,6,480,133940,0.896827,0.895861,0.898156,4.826370,4.823173,4.834420,30
pow2,2,256,65536,65536,row_major,naive_dedup,strided,offset,7,128,1024,64,8,134,7168,294740,64,4194304,17,group+chunk,1,7,560,295300,1.032228,1.031302,1.034092,5.468131,5.463397,5.474483,30
pow2,2,256,65536,65536,row_major,naive_dedup,strided,offset,8,256,1024,32,4,70,7168,290900,32,4194304,17,group+chunk,1,8,640,291540,1.027980,1.026893,1.029332,5.433471,5.430284,5.436681,30
pow2,2,256,65536,65536,row_major,naive_dedup,strided,offset,9,512,1024,17,2,38,7680,309500,17,4194304,17,group+chunk,1,9,720,310220,1.044351,1.043525,1.045373,5.498468,5.494611,5.501153,30
pow2,2,256,65536,65536,row_major,naive_dedup,strided,offset,10,1024,1024,9,1,21,8192,328980,9,4194304,17,group+chunk,1,10,800,329780,1.060131,1.059089,1.060998,5.575663,5.572062,5.578098,30
pow2,2,256,65536,65536,row_major,naive_dedup,strided,offset,11,2048,1024,5,1,12,9216,369420,5,4194304,17,group+chunk,1,11,880,370300,1.093519,1.091486,1.094871,5.736522,5.733412,5.737950,30
pow2,2,256,65536,65536,row_major,naive_dedup,strided,offset,12,4096,1024,3,1,7,11264,451060,3,4194304,17,group+chunk,1,12,960,452020,1.166266,1.165480,1.166602,6.066028,6.061150,6.070798,30
pow2,2,256,65536,65536,row_major,canonical_pruned,strided,offset,0,1,1024,1024,1024,1192,0,88740,1024,4194304,17,wide+chunk,1024,0,0,88740,1.017081,1.012111,1.018582,4.607732,4.601606,4.614855,30
pow2,2,256,65536,65536,row_major,canonical_pruned,strided,offset,1,2,1024,1024,512,168,1024,88740,1024,4194304,17,wide+chunk,1024,1,80,88820,0.923598,0.921545,0.925051,4.552433,4.548495,4.558824,30
pow2,2,256,65536,65536,row_major,canonical_pruned,strided,offset,2,4,1024,512,256,168,1024,68260,512,4194304,17,wide+chunk,512,2,160,68420,0.876059,0.875082,0.877927,4.510913,4.500705,4.513484,30
pow2,2,256,65536,65536,row_major,canonical_pruned,strided,offset,3,8,1024,256,128,168,1024,58020,256,4194304,17,wide+chunk,256,3,240,58260,0.850005,0.848947,0.851803,4.482305,4.477901,4.489569,30
pow2,2,256,65536,65536,row_major,canonical_pruned,strided,offset,4,16,1024,128,64,168,1024,52900,128,4194304,17,wide+chunk,128,4,320,53220,0.835031,0.834445,0.836344,4.463955,4.459988,4.467838,30
pow2,2,256,65536,65536,row_major,canonical_pruned,strided,offset,5,32,1024,96,32,104,2048,90020,96,4194304,17,wide+chunk,96,5,400,90420,0.872983,0.871555,0.873599,4.613768,4.609585,4.618462,30
pow2,2,256,65536,65536,row_major,canonical_pruned,strided,offset,6,64,1024,64,16,72,3072,128420,64,4194304,17,wide+chunk,64,6,480,128900,0.894077,0.892024,0.895521,4.765550,4.761406,4.769747,30
pow2,2,256,65536,65536,row_major,canonical_pruned,strided,offset,7,128,1024,64,8,8,7168,289700,64,4194304,17,wide+chunk,64,7,560,290260,1.024523,1.022425,1.026377,5.406770,5.403824,5.410316,30
pow2,2,256,65536,65536,row_major,canonical_pruned,strided,offset,8,256,1024,32,4,8,7168,288420,32,4194304,17,wide+chunk,32,8,640,289060,1.023482,1.022139,1.025220,5.401846,5.398740,5.406249,30
pow2,2,256,65536,65536,row_major,canonical_pruned,strided,offset,9,512,1024,17,2,6,7680,308220,17,4194304,17,wide+chunk,17,9,720,308940,1.037949,1.036596,1.039071,5.483675,5.478290,5.494986,30
pow2,2,256,65536,65536,row_major,canonical_pruned,strided,offset,10,1024,1024,9,1,5,8192,328340,9,4194304,17,wide+chunk,9,10,800,329140,1.054541,1.052628,1.056233,5.559594,5.557203,5.565559,30
pow2,2,256,65536,65536,row_major,canonical_pruned,strided,offset,11,2048,1024,5,1,4,9216,369100,5,4194304,17,wide+chunk,5,11,880,369980,1.087152,1.085348,1.089627,5.731964,5.723948,5.733467,30
pow2,2,256,65536,65536,row_major,canonical_pruned,strided,offset,12,4096,1024,3,1,3,11264,450900,3,4194304,17,wide+chunk,3,12,960,451860,1.157219,1.156007,1.160621,6.060194,6.056261,6.064441,30
pow2,2,256,65536,65536,row_major,naive_dedup,sparse,aligned,0,1,1024,1024,1024,7333,0,334380,1024,4194304,17,group+chunk,1,0,0,334380,33.258814,33.192142,33.311644,38.522684,38.483048,38.590738,30
pow2,2,256,65536,65536,row_major,naive_dedup,sparse,aligned,1,2,1024,1014,512,6309,1004,333180,1014,4194304,17,group+chunk,1,1,80,333260,33.186021,33.154196,33.207638,38.511448,38.488600,38.587346,30
pow2,2,256,65536,65536,row_major,naive_dedup,sparse,aligned,2,4,1024,998,256,5295,2968,370540,998,4194304,17,group+chunk,1,2,160,370700,33.216053,33.173818,33.246896,38.665934,38.626515,38.720146,30
pow2,2,256,65536,65536,row_major,naive_dedup,sparse,aligned,3,8,1024,972,128,4297,6752,480940,972,4194304,17,group+chunk,1,3,240,481180,33.059472,33.013109,33.130612,38.974176,38.880203,39.122315,30
pow2,2,256,65536,65536,row_major,naive_dedup,sparse,aligned,4,16,1024,914,64,3325,13600,713660,914,4194304,17,group+chunk,1,4,320,713980,33.337026,33.297467,33.406312,39.974935,39.873112,40.044331,30
pow2,2,256,65536,65536,row_major,naive_dedup,sparse,aligned,5,32,1024,815,32,2411,25056,1131380,815,4194304,17,group+chunk,1,5,400,1131780,33.603704,33.520096,33.683004,41.634682,41.547348,41.722989,30
pow2,2,256,65536,65536,row_major,naive_dedup,sparse,aligned,6,64,1024,647,16,1596,40384,1705180,647,4194304,17,group+chunk,1,6,480,1705660,34.192009,34.149826,34.252178,43.772687,43.687932,43.858119,30
pow2,2,256,65536,65536,row_major,naive_dedup,sparse,aligned,7,128,1024,442,8,949,55552,2277820,442,4194304,17,group+chunk,1,7,560,2278380,34.678328,34.644545,34.725151,45.967726,45.829059,46.080724,30
pow2,2,256,65536,65536,row_major,naive_dedup,sparse,aligned,8,256,1024,253,4,507,63744,2580260,253,4194304,17,group+chunk,1,8,640,2580900,35.029129,34.949314,35.064372,47.025492,46.916877,47.097528,30
pow2,2,256,65536,65536,row_major,naive_dedup,sparse,aligned,9,512,1024,128,2,254,64512,2595860,128,4194304,17,group+chunk,1,9,720,2596580,34.947094,34.889211,37.990394,46.793895,46.745132,46.880639,30
pow2,2,256,65536,65536,row_major,naive_dedup,sparse,aligned,10,1024,1024,64,1,126,64512,2588180,64,4194304,17,group+chunk,1,10,800,2588980,34.826262,34.778081,34.877288,46.815857,46.741231,46.901909,30
pow2,2,256,65536,65536,row_major,naive_dedup,sparse,aligned,11,2048,1024,32,1,62,64512,2584340,32,4194304,17,group+chunk,1,11,880,2585220,34.948923,34.926777,35.045531,46.808112,46.678286,46.908245,30
pow2,2,256,65536,65536,row_major,naive_dedup,sparse,aligned,12,4096,1024,16,1,30,64512,2582420,16,4194304,17,group+chunk,1,12,960,2583380,34.890413,34.843274,34.953036,46.756700,46.733652,46.810361,30
pow2,2,256,65536,65536,row_major,canonical_pruned,sparse,aligned,0,1,1024,1024,1024,5287,0,252540,1024,4194304,17,wide+chunk,1024,0,0,252540,33.456091,33.350161,33.545811,37.444589,37.407104,37.534548,30
pow2,2,256,65536,65536,row_major,canonical_pruned,sparse,aligned,1,2,1024,1014,512,4283,1004,252140,1014,4194304,17,wide+chunk,1014,1,80,252220,35.350291,33.471775,42.058803,37.555273,37.434781,37.717659,30
pow2,2,256,65536,65536,row_major,canonical_pruned,sparse,aligned,2,4,1024,998,256,3301,2968,290780,998,4194304,17,wide+chunk,998,2,160,290940,33.282884,33.257641,33.385413,37.522281,37.487976,37.606399,30
pow2,2,256,65536,65536,row_major,canonical_pruned,sparse,aligned,3,8,1024,972,128,2355,6752,403260,972,4194304,17,wide+chunk,972,3,240,403500,33.304785,33.218833,35.079064,38.014104,37.908319,38.180653,30
pow2,2,256,65536,65536,row_major,canonical_pruned,sparse,aligned,4,16,1024,914,64,1499,13600,640620,914,4194304,17,wide+chunk,914,4,320,640940,33.413365,33.321116,33.639191,38.943303,38.766399,39.055284,30
pow2,2,256,65536,65536,row_major,canonical_pruned,sparse,aligned,5,32,1024,815,32,783,25056,1066260,815,4194304,17,wide+chunk,815,5,400,1066660,33.640243,33.572475,33.773495,40.580623,40.439557,40.651426,30
pow2,2,256,65536,65536,row_major,canonical_pruned,sparse,aligned,6,64,1024,647,16,304,40384,1653500,647,4194304,17,wide+chunk,647,6,480,1653980,34.358890,34.227803,36.146949,43.224568,42.978393,44.286442,30
pow2,2,256,65536,65536,row_major,canonical_pruned,sparse,aligned,7,128,1024,442,8,67,55552,2242540,442,4194304,17,wide+chunk,442,7,560,2243100,35.275120,34.660168,40.179545,45.744444,45.306678,46.440052,30
pow2,2,256,65536,65536,row_major,canonical_pruned,sparse,aligned,8,256,1024,253,4,3,63744,2560100,253,4194304,17,wide+chunk,253,8,640,2560740,35.524335,34.952711,36.728272,47.218587,47.028363,48.331517,30
pow2,2,256,65536,65536,row_major,canonical_pruned,sparse,aligned,9,512,1024,128,2,0,64512,2585700,128,4194304,17,wide+chunk,128,9,720,2586420,34.888705,34.810041,35.010605,46.744653,46.613730,47.384850,30
pow2,2,256,65536,65536,row_major,canonical_pruned,sparse,aligned,10,1024,1024,64,1,0,64512,2583140,64,4194304,17,wide+chunk,64,10,800,2583940,35.086603,34.777094,36.050257,46.936223,46.727991,47.930130,30
pow2,2,256,65536,65536,row_major,canonical_pruned,sparse,aligned,11,2048,1024,32,1,0,64512,2581860,32,4194304,17,wide+chunk,32,11,880,2582740,34.932136,34.906223,34.999168,46.742764,46.712757,46.845172,30
pow2,2,256,65536,65536,row_major,canonical_pruned,sparse,aligned,12,4096,1024,16,1,0,64512,2581220,16,4194304,17,wide+chunk,16,12,960,2582180,35.143506,35.095485,35.216954,46.849430,46.832448,46.921741,30
pow2,2,256,65536,65536,row_major,naive_dedup,sparse,offset,0,1,1024,1024,1024,7333,0,334380,1024,4194304,17,group+chunk,1,0,0,334380,32.642490,32.601197,32.791246,37.810319,37.705096,37.922676,30
pow2,2,256,65536,65536,row_major,naive_dedup,sparse,offset,1,2,1024,1014,512,6309,1004,333180,1014,4194304,17,group+chunk,1,1,80,333260,32.160641,32.073031,32.350374,37.494984,37.433573,37.595969,30
pow2,2,256,65536,65536,row_major,naive_dedup,sparse,offset,2,4,1024,998,256,5295,2968,370540,998,4194304,17,group+chunk,1,2,160,370700,32.253376,32.190196,33.570311,37.865944,37.714038,40.371318,30
pow2,2,256,65536,65536,row_major,naive_dedup,sparse,offset,3,8,1024,972,128,4297,6752,480940,972,4194304,17,group+chunk,1,3,240,481180,32.423803,32.277045,32.860952,38.080745,38.044005,38.213224,30
pow2,2,256,65536,65536,row_major,naive_dedup,sparse,offset,4,16,1024,914,64,3325,13600,713660,914,4194304,17,group+chunk,1,4,320,713980,32.665538,32.494050,32.789523,39.015714,38.970379,39.114947,30
pow2,2,256,65536,65536,row_major,naive_dedup,sparse,offset,5,32,1024,815,32,2411,25056,1131380,815,4194304,17,group+chunk,1,5,400,1131780,33.021465,32.994404,33.088973,40.808308,40.764761,40.851410,30
pow2,2,256,65536,65536,row_major,naive_dedup,sparse,offset,6,64,1024,647,16,1596,40384,1705180,647,4194304,17,group+chunk,1,6,480,1705660,33.605814,33.588361,33.676251,43.095158,43.029655,43.198058,30
pow2,2,256,65536,65536,row_major,naive_dedup,sparse,offset,7,128,1024,442,8,949,55552,2277820,442,4194304,17,group+chunk,1,7,560,2278380,34.137857,34.097010,34.184601,45.274277,45.175400,46.108661,30
pow2,2,256,65536,65536,row_major,naive_dedup,sparse,offset,8,256,1024,253,4,507,63744,2580260,253,4194304,17,group+chunk,1,8,640,2580900,34.415317,34.344512,34.451495,46.335535,46.242830,46.707516,30
pow2,2,256,65536,65536,row_major,naive_dedup,sparse,offset,9,512,1024,128,2,254,64512,2595860,128,4194304,17,group+chunk,1,9,720,2596580,34.409087,34.377298,34.519537,46.295098,46.177241,46.423842,30
pow2,2,256,65536,65536,row_major,naive_dedup,sparse,offset,10,1024,1024,64,1,126,64512,2588180,64,4194304,17,group+chunk,1,10,800,2588980,34.512764,34.390558,34.645509,46.119266,46.042521,46.148696,30
pow2,2,256,65536,65536,row_major,naive_dedup,sparse,offset,11,2048,1024,32,1,62,64512,2584340,32,4194304,17,group+chunk,1,11,880,2585220,34.443618,34.381230,34.490451,46.056908,45.994345,46.117543,30
pow2,2,256,65536,65536,row_major,naive_dedup,sparse,offset,12,4096,1024,16,1,30,64512,2582420,16,4194304,17,group+chunk,1,12,960,2583380,34.322350,34.284432,34.405125,46.091043,46.046173,46.121846,30
pow2,2,256,65536,65536,row_major,canonical_pruned,sparse,offset,0,1,1024,1024,1024,5287,0,252540,1024,4194304,17,wide+chunk,1024,0,0,252540,32.791539,32.760080,32.910809,36.790257,36.758161,36.908811,30
pow2,2,256,65536,65536,row_major,canonical_pruned,sparse,offset,1,2,1024,1014,512,4283,1004,252140,1014,4194304,17,wide+chunk,1014,1,80,252220,32.773240,32.734026,32.819121,36.847661,36.783795,36.899974,30
pow2,2,256,65536,65536,row_major,canonical_pruned,sparse,offset,2,4,1024,998,256,3301,2968,290780,998,4194304,17,wide+chunk,998,2,160,290940,32.773722,32.690283,32.897634,36.947694,36.894865,37.001396,30
pow2,2,256,65536,65536,row_major,canonical_pruned,sparse,offset,3,8,1024,972,128,2355,6752,403260,972,4194304,17,wide+chunk,972,3,240,403500,32.858746,32.718271,33.484563,37.330697,37.275042,37.422992,30
pow2,2,256,65536,65536,row_major,canonical_pruned,sparse,offset,4,16,1024,914,64,1499,13600,640620,914,4194304,17,wide+chunk,914,4,320,640940,32.897490,32.833879,32.951051,38.290159,38.219190,38.438113,30
pow2,2,256,65536,65536,row_major,canonical_pruned,sparse,offset,5,32,1024,815,32,783,25056,1066260,815,4194304,17,wide+chunk,815,5,400,1066660,33.127319,33.069148,33.148899,39.917715,39.852438,39.967495,30
pow2,2,256,65536,65536,row_major,canonical_pruned,sparse,offset,6,64,1024,647,16,304,40384,1653500,647,4194304,17,wide+chunk,647,6,480,1653980,33.540198,33.499847,33.595121,42.260352,42.210413,42.296551,30
pow2,2,256,65536,65536,row_major,canonical_pruned,sparse,offset,7,128,1024,442,8,67,55552,2242540,442,4194304,17,wide+chunk,442,7,560,2243100,34.135205,34.062930,34.205815,44.688751,44.649307,44.756824,30
pow2,2,256,65536,65536,row_major,canonical_pruned,sparse,offset,8,256,1024,253,4,3,63744,2560100,253,4194304,17,wide+chunk,253,8,640,2560740,34.436409,34.390333,34.491183,46.054699,45.974583,46.223368,30
pow2,2,256,65536,65536,row_major,canonical_pruned,sparse,offset,9,512,1024,128,2,0,64512,2585700,128,4194304,17,wide+chunk,128,9,720,2586420,34.387878,34.285099,34.480498,46.095170,45.974648,46.144729,30
pow2,2,256,65536,65536,row_major,canonical_pruned,sparse,offset,10,1024,1024,64,1,0,64512,2583140,64,4194304,17,wide+chunk,64,10,800,2583940,34.337107,34.287704,34.395297,46.019513,45.953047,46.120548,30
pow2,2,256,65536,65536,row_major,canonical_pruned,sparse,offset,11,2048,1024,32,1,0,64512,2581860,32,4194304,17,wide+chunk,32,11,880,2582740,34.316077,34.272915,34.392803,46.064092,45.986154,46.176469,30
pow2,2,256,65536,65536,row_major,canonical_pruned,sparse,offset,12,4096,1024,16,1,0,64512,2581220,16,4194304,17,wide+chunk,16,12,960,2582180,34.326457,34.282414,34.375349,46.024492,45.947226,46.111441,30
pow2,2,256,65536,65536,morton,naive_dedup,all,n/a,0,1,65536,65536,65536,131070,0,7864340,65536,268435456,17,group+chunk,1,0,0,7864340,20.482021,20.353693,20.654155,369.915428,369.459267,370.451059,30
pow2,2,256,65536,65536,morton,naive_dedup,all,n/a,1,2,65536,32768,32768,65534,0,3932180,32768,268435456,17,group+chunk,1,1,80,3932260,12.349334,12.342887,12.372704,295.301312,295.179196,295.404492,30
pow2,2,256,65536,65536,morton,naive_dedup,all,n/a,2,4,65536,16384,16384,32766,0,1966100,16384,268435456,17,group+chunk,1,2,160,1966260,8.136553,8.128704,8.145429,260.354294,260.280745,260.466119,30
pow2,2,256,65536,65536,morton,naive_dedup,all,n/a,3,8,65536,8192,8192,16382,0,983060,8192,268435456,17,group+chunk,1,3,240,983300,6.288199,6.281847,6.293549,243.743921,243.623965,243.879112,30
pow2,2,256,65536,65536,morton,naive_dedup,all,n/a,4,16,65536,4096,4096,8190,0,491540,4096,268435456,17,group+chunk,1,4,320,491860,5.438045,5.430319,5.440224,236.360500,236.235494,236.481148,30
pow2,2,256,65536,65536,morton,naive_dedup,all,n/a,5,32,65536,2048,2048,4094,0,245780,2048,268435456,17,group+chunk,1,5,400,246180,5.045534,5.040914,5.049130,232.915999,232.820123,233.046945,30
pow2,2,256,65536,65536,morton,naive_dedup,all,n/a,6,64,65536,1024,1024,2046,0,122900,1024,268435456,17,group+chunk,1,6,480,123380,4.853997,4.850735,4.857148,231.067825,230.931543,231.183038,30
pow2,2,256,65536,65536,morton,naive_dedup,all,n/a,7,128,65536,512,512,1022,0,61460,512,268435456,17,group+chunk,1,7,560,62020,4.762730,4.755496,4.765449,230.263978,230.145815,230.357289,30
pow2,2,256,65536,65536,morton,naive_dedup,all,n/a,8,256,65536,256,256,510,0,30740,256,268435456,17,group+chunk,1,8,640,31380,4.716633,4.713401,4.724298,230.111345,230.007459,230.235048,30
pow2,2,256,65536,65536,morton,naive_dedup,all,n/a,9,512,65536,128,128,254,0,15380,128,268435456,17,group+chunk,1,9,720,16100,4.700662,4.697762,4.702572,230.021825,229.950286,230.131888,30
pow2,2,256,65536,65536,morton,naive_dedup,all,n/a,10,1024,65536,64,64,126,0,7700,64,268435456,17,group+chunk,1,10,800,8500,4.689181,4.686882,4.690964,229.880313,229.824323,229.936500,30
pow2,2,256,65536,65536,morton,naive_dedup,all,n/a,11,2048,65536,32,32,62,0,3860,32,268435456,17,group+chunk,1,11,880,4740,4.687212,4.679708,4.689732,229.869874,229.756911,229.967197,30
pow2,2,256,65536,65536,morton,naive_dedup,all,n/a,12,4096,65536,16,16,30,0,1940,16,268435456,17,group+chunk,1,12,960,2900,4.682864,4.677489,4.689677,229.984765,229.897105,230.090771,30
pow2,2,256,65536,65536,morton,canonical_pruned,all,n/a,0,1,65536,65536,65536,0,0,2621540,65536,268435456,17,wide+chunk,65536,0,0,2621540,11.293076,11.285816,11.305198,237.595666,237.491846,237.620263,30
pow2,2,256,65536,65536,morton,canonical_pruned,all,n/a,1,2,65536,32768,32768,0,0,1310820,32768,268435456,17,wide+chunk,32768,1,80,1310900,8.227379,8.212221,8.264360,233.547595,233.453057,233.727520,30
pow2,2,256,65536,65536,morton,canonical_pruned,all,n/a,2,4,65536,16384,16384,0,0,655460,16384,268435456,17,wide+chunk,16384,2,160,655620,6.411692,6.408136,6.417137,231.343356,231.123334,231.605199,30
pow2,2,256,65536,65536,morton,canonical_pruned,all,n/a,3,8,65536,8192,8192,0,0,327780,8192,268435456,17,wide+chunk,8192,3,240,328020,5.548082,5.547021,5.554273,231.095763,230.970606,231.344412,30
pow2,2,256,65536,65536,morton,canonical_pruned,all,n/a,4,16,65536,4096,4096,0,0,163940,4096,268435456,17,wide+chunk,4096,4,320,164260,5.154725,5.144471,5.161913,230.282748,230.168147,230.472392,30
pow2,2,256,65536,65536,morton,canonical_pruned,all,n/a,5,32,65536,2048,2048,0,0,82020,2048,268435456,17,wide+chunk,2048,5,400,82420,4.905795,4.898757,4.913133,230.257685,230.027852,230.445275,30
pow2,2,256,65536,65536,morton,canonical_pruned,all,n/a,6,64,65536,1024,1024,0,0,41060,1024,268435456,17,wide+chunk,1024,6,480,41540,4.819082,4.806904,4.832101,230.085010,229.925939,230.258828,30
pow2,2,256,65536,65536,morton,canonical_pruned,all,n/a,7,128,65536,512,512,0,0,20580,512,268435456,17,wide+chunk,512,7,560,21140,4.754580,4.747901,4.758642,230.050369,229.903187,230.183886,30
pow2,2,256,65536,65536,morton,canonical_pruned,all,n/a,8,256,65536,256,256,0,0,10340,256,268435456,17,wide+chunk,256,8,640,10980,4.699425,4.692842,4.709895,230.645848,230.476855,231.006208,30
pow2,2,256,65536,65536,morton,canonical_pruned,all,n/a,9,512,65536,128,128,0,0,5220,128,268435456,17,wide+chunk,128,9,720,5940,4.681336,4.671843,4.695798,230.314483,230.188441,230.455449,30
pow2,2,256,65536,65536,morton,canonical_pruned,all,n/a,10,1024,65536,64,64,0,0,2660,64,268435456,17,wide+chunk,64,10,800,3460,4.668311,4.660502,4.676803,230.671081,230.470272,230.932129,30
pow2,2,256,65536,65536,morton,canonical_pruned,all,n/a,11,2048,65536,32,32,0,0,1380,32,268435456,17,wide+chunk,32,11,880,2260,4.691796,4.675370,4.705381,230.080331,230.008510,230.199065,30
pow2,2,256,65536,65536,morton,canonical_pruned,all,n/a,12,4096,65536,16,16,0,0,740,16,268435456,17,wide+chunk,16,12,960,1700,4.685990,4.680775,4.696765,230.325529,230.012378,230.487029,30
pow2,2,256,65536,65536,morton,naive_dedup,block,aligned,0,1,1024,1024,1024,2052,0,123140,1024,4194304,17,group+chunk,1,0,0,123140,0.243229,0.242202,0.243654,5.618259,5.616516,5.619306,30
pow2,2,256,65536,65536,morton,naive_dedup,block,aligned,1,2,1024,512,512,1028,0,61700,512,4194304,17,group+chunk,1,1,80,61780,0.150810,0.150404,0.151150,4.480517,4.478739,4.482221,30
pow2,2,256,65536,65536,morton,naive_dedup,block,aligned,2,4,1024,256,256,516,0,30980,256,4194304,17,group+chunk,1,2,160,31140,0.100645,0.100304,0.101151,3.935960,3.934672,3.937742,30
pow2,2,256,65536,65536,morton,naive_dedup,block,aligned,3,8,1024,128,128,260,0,15620,128,4194304,17,group+chunk,1,3,240,15860,0.082010,0.081840,0.082366,3.680808,3.679876,3.682777,30
pow2,2,256,65536,65536,morton,naive_dedup,block,aligned,4,16,1024,64,64,132,0,7940,64,4194304,17,group+chunk,1,4,320,8260,0.074355,0.074170,0.074585,3.559779,3.558838,3.560290,30
pow2,2,256,65536,65536,morton,naive_dedup,block,aligned,5,32,1024,32,32,68,0,4100,32,4194304,17,group+chunk,1,5,400,4500,0.071660,0.071555,0.071795,3.508908,3.507842,3.509775,30
pow2,2,256,65536,65536,morton,naive_dedup,block,aligned,6,64,1024,16,16,36,0,2180,16,4194304,17,group+chunk,1,6,480,2660,0.069982,0.069832,0.070137,3.483265,3.482454,3.484602,30
pow2,2,256,65536,65536,morton,naive_dedup,block,aligned,7,128,1024,8,8,20,0,1220,8,4194304,17,group+chunk,1,7,560,1780,0.069702,0.069611,0.069892,3.468878,3.467896,3.471252,30
pow2,2,256,65536,65536,morton,naive_dedup,block,aligned,8,256,1024,4,4,12,0,740,4,4194304,17,group+chunk,1,8,640,1380,0.069071,0.068880,0.069151,3.468276,3.467500,3.469198,30
pow2,2,256,65536,65536,morton,naive_dedup,block,aligned,9,512,1024,2,2,8,0,500,2,4194304,17,group+chunk,1,9,720,1220,0.069291,0.069200,0.069491,3.465716,3.464644,3.466628,30
pow2,2,256,65536,65536,morton,naive_dedup,block,aligned,10,1024,1024,1,1,6,0,380,1,4194304,17,group+chunk,1,10,800,1180,0.069596,0.069481,0.069732,3.462811,3.461564,3.463542,30
pow2,2,256,65536,65536,morton,naive_dedup,block,aligned,11,2048,1024,1,1,5,1024,41300,1,4194304,17,group+chunk,1,11,880,42180,0.098316,0.098045,0.098686,3.624786,3.623179,3.625914,30
pow2,2,256,65536,65536,morton,naive_dedup,block,aligned,12,4096,1024,1,1,4,3072,123180,1,4194304,17,group+chunk,1,12,960,124140,0.161971,0.161554,0.163013,3.965054,3.962655,3.968546,30
pow2,2,256,65536,65536,morton,canonical_pruned,block,aligned,0,1,1024,1024,1024,6,0,41300,1024,4194304,17,wide+chunk,1024,0,0,41300,0.160939,0.160603,0.161284,3.567690,3.566186,3.571040,30
pow2,2,256,65536,65536,morton,canonical_pruned,block,aligned,1,2,1024,512,512,6,0,20820,512,4194304,17,wide+chunk,512,1,80,20900,0.115127,0.114822,0.115618,3.525850,3.523486,3.529071,30
pow2,2,256,65536,65536,morton,canonical_pruned,block,aligned,2,4,1024,256,256,6,0,10580,256,4194304,17,wide+chunk,256,2,160,10740,0.084719,0.084243,0.085392,3.491576,3.489897,3.493113,30
pow2,2,256,65536,65536,morton,canonical_pruned,block,aligned,3,8,1024,128,128,6,0,5460,128,4194304,17,wide+chunk,128,3,240,5700,0.074841,0.074696,0.075297,3.475831,3.474743,3.477208,30
pow2,2,256,65536,65536,morton,canonical_pruned,block,aligned,4,16,1024,64,64,6,0,2900,64,4194304,17,wide+chunk,64,4,320,3220,0.072467,0.072337,0.072587,3.469654,3.468923,3.471407,30
pow2,2,256,65536,65536,morton,canonical_pruned,block,aligned,5,32,1024,32,32,6,0,1620,32,4194304,17,wide+chunk,32,5,400,2020,0.070708,0.070594,0.070814,3.467335,3.465787,3.469083,30
pow2,2,256,65536,65536,morton,canonical_pruned,block,aligned,6,64,1024,16,16,6,0,980,16,4194304,17,wide+chunk,16,6,480,1460,0.070133,0.070077,0.070312,3.465602,3.464249,3.466298,30
pow2,2,256,65536,65536,morton,canonical_pruned,block,aligned,7,128,1024,8,8,6,0,660,8,4194304,17,wide+chunk,8,7,560,1220,0.069802,0.069652,0.069917,3.465861,3.464770,3.468421,30
pow2,2,256,65536,65536,morton,canonical_pruned,block,aligned,8,256,1024,4,4,6,0,500,4,4194304,17,wide+chunk,4,8,640,1140,0.069416,0.069211,0.069571,3.463678,3.463092,3.464460,30
pow2,2,256,65536,65536,morton,canonical_pruned,block,aligned,9,512,1024,2,2,6,0,420,2,4194304,17,wide+chunk,2,9,720,1140,0.069847,0.069711,0.069957,3.464109,3.463667,3.466388,30
pow2,2,256,65536,65536,morton,canonical_pruned,block,aligned,10,1024,1024,1,1,6,0,380,1,4194304,17,group+chunk,1,10,800,1180,0.070668,0.070478,0.070778,3.465717,3.464659,3.467790,30
pow2,2,256,65536,65536,morton,canonical_pruned,block,aligned,11,2048,1024,1,1,5,1024,41300,1,4194304,17,group+chunk,1,11,880,42180,0.099818,0.098806,0.100019,3.626671,3.624842,3.628624,30
pow2,2,256,65536,65536,morton,canonical_pruned,block,aligned,12,4096,1024,1,1,4,3072,123180,1,4194304,17,group+chunk,1,12,960,124140,0.162141,0.161961,0.162251,3.963251,3.962495,3.964733,30
pow2,2,256,65536,65536,morton,naive_dedup,block,offset,0,1,1024,1024,1024,2201,0,129100,1024,4194304,17,group+chunk,1,0,0,129100,0.252872,0.252497,0.253188,5.621601,5.619061,5.623439,30
pow2,2,256,65536,65536,morton,naive_dedup,block,offset,1,2,1024,544,512,1177,64,71500,544,4194304,17,group+chunk,1,1,80,71580,0.167787,0.167391,0.167957,4.559741,4.558610,4.561711,30
pow2,2,256,65536,65536,morton,naive_dedup,block,offset,2,4,1024,289,256,633,132,42260,289,4194304,17,group+chunk,1,2,160,42420,0.118043,0.117872,0.118358,4.025143,4.024040,4.027191,30
pow2,2,256,65536,65536,morton,naive_dedup,block,offset,3,8,1024,153,128,344,200,27980,153,4194304,17,group+chunk,1,3,240,28220,0.097313,0.096883,0.098090,3.760528,3.759436,3.762807,30
pow2,2,256,65536,65536,morton,naive_dedup,block,offset,4,16,1024,81,64,191,272,21860,81,4194304,17,group+chunk,1,4,320,22180,0.087090,0.086719,0.087395,3.634730,3.633238,3.636910,30
pow2,2,256,65536,65536,morton,naive_dedup,block,offset,5,32,1024,45,32,110,416,22940,45,4194304,17,group+chunk,1,5,400,23340,0.086439,0.085932,0.087044,3.592757,3.592186,3.594525,30
pow2,2,256,65536,65536,morton,naive_dedup,block,offset,6,64,1024,25,16,65,576,26740,25,4194304,17,group+chunk,1,6,480,27220,0.089243,0.089113,0.089564,3.589721,3.588363,3.593914,30
pow2,2,256,65536,65536,morton,naive_dedup,block,offset,7,128,1024,15,8,40,896,38140,15,4194304,17,group+chunk,1,7,560,38700,0.099087,0.098872,0.100004,3.626625,3.624917,3.629060,30
pow2,2,256,65536,65536,morton,naive_dedup,block,offset,8,256,1024,9,4,25,1280,52660,9,4194304,17,group+chunk,1,8,640,53300,0.110955,0.110509,0.111275,3.680627,3.678318,3.682957,30
pow2,2,256,65536,65536,morton,naive_dedup,block,offset,9,512,1024,6,2,16,2048,82900,6,4194304,17,group+chunk,1,9,720,83620,0.132936,0.132675,0.133472,3.800990,3.799923,3.802291,30
pow2,2,256,65536,65536,morton,naive_dedup,block,offset,10,1024,1024,4,1,10,3072,123540,4,4194304,17,group+chunk,1,10,800,124340,0.166354,0.165828,0.166625,3.962605,3.961828,3.963516,30
pow2,2,256,65536,65536,morton,naive_dedup,block,offset,11,2048,1024,2,1,6,3072,123300,2,4194304,17,group+chunk,1,11,880,124180,0.166319,0.165472,0.166985,3.958617,3.957054,3.960395,30
pow2,2,256,65536,65536,morton,naive_dedup,block,offset,12,4096,1024,1,1,4,3072,123180,1,4194304,17,group+chunk,1,12,960,124140,0.165623,0.165332,0.165929,3.959805,3.959224,3.961763,30
pow2,2,256,65536,65536,morton,canonical_pruned,block,offset,0,1,1024,1024,1024,155,0,47260,1024,4194304,17,wide+chunk,1024,0,0,47260,0.179358,0.178962,0.179654,3.595978,3.594981,3.597110,30
pow2,2,256,65536,65536,morton,canonical_pruned,block,offset,1,2,1024,544,512,91,64,28060,544,4194304,17,wide+chunk,544,1,80,28140,0.128909,0.128783,0.129224,3.551950,3.551564,3.553337,30
pow2,2,256,65536,65536,morton,canonical_pruned,block,offset,2,4,1024,289,256,57,132,19220,289,4194304,17,wide+chunk,289,2,160,19380,0.101947,0.101572,0.102503,3.530449,3.529703,3.531105,30
pow2,2,256,65536,65536,morton,canonical_pruned,block,offset,3,8,1024,153,128,40,200,15820,153,4194304,17,wide+chunk,153,3,240,16060,0.087375,0.086643,0.087866,3.518612,3.516151,3.520676,30
pow2,2,256,65536,65536,morton,canonical_pruned,block,offset,4,16,1024,81,64,31,272,15460,81,4194304,17,wide+chunk,81,4,320,15780,0.083192,0.082856,0.083577,3.516904,3.516017,3.518597,30
pow2,2,256,65536,65536,morton,canonical_pruned,block,offset,5,32,1024,45,32,22,416,19420,45,4194304,17,wide+chunk,45,5,400,19820,0.085621,0.085346,0.086173,3.536580,3.534817,3.537407,30
pow2,2,256,65536,65536,morton,canonical_pruned,block,offset,6,64,1024,25,16,17,576,24820,25,4194304,17,wide+chunk,25,6,480,25300,0.088913,0.088693,0.089434,3.558687,3.557290,3.559690,30
pow2,2,256,65536,65536,morton,canonical_pruned,block,offset,7,128,1024,15,8,12,896,37020,15,4194304,17,wide+chunk,15,7,560,37580,0.099288,0.098791,0.099908,3.611241,3.609703,3.612128,30
pow2,2,256,65536,65536,morton,canonical_pruned,block,offset,8,256,1024,9,4,9,1280,52020,9,4194304,17,wide+chunk,9,8,640,52660,0.110804,0.110428,0.111099,3.673664,3.672147,3.675046,30
pow2,2,256,65536,65536,morton,canonical_pruned,block,offset,9,512,1024,6,2,6,2048,82500,6,4194304,17,wide+chunk,6,9,720,83220,0.134209,0.134002,0.134444,3.797483,3.796806,3.798604,30
pow2,2,256,65536,65536,morton,canonical_pruned,block,offset,10,1024,1024,4,1,4,3072,123300,4,4194304,17,wide+chunk,4,10,800,124100,0.166269,0.166149,0.166439,3.960240,3.959629,3.961362,30
pow2,2,256,65536,65536,morton,canonical_pruned,block,offset,11,2048,1024,2,1,4,3072,123220,2,4194304,17,wide+chunk,2,11,880,124100,0.166329,0.165914,0.166911,3.960300,3.959349,3.961342,30
pow2,2,256,65536,65536,morton,canonical_pruned,block,offset,12,4096,1024,1,1,4,3072,123180,1,4194304,17,group+chunk,1,12,960,124140,0.166279,0.166123,0.166669,3.961869,3.959994,3.963601,30
pow2,2,256,65536,65536,morton,naive_dedup,strided,aligned,0,1,1024,1024,1024,2564,0,143620,1024,4194304,17,group+chunk,1,0,0,143620,1.027635,1.025591,1.030240,6.424657,6.417654,6.428233,30
pow2,2,256,65536,65536,morton,naive_dedup,strided,aligned,1,2,1024,512,512,1540,0,82180,512,4194304,17,group+chunk,1,1,80,82260,0.913374,0.912031,0.915328,5.285281,5.281273,5.290987,30
pow2,2,256,65536,65536,morton,naive_dedup,strided,aligned,2,4,1024,512,256,1028,1024,102660,512,4194304,17,group+chunk,1,2,160,102820,0.931874,0.931017,0.932991,5.393521,5.391186,5.401616,30
pow2,2,256,65536,65536,morton,naive_dedup,strided,aligned,3,8,1024,256,128,516,1024,71940,256,4194304,17,group+chunk,1,3,240,72180,0.889930,0.887856,0.891573,4.896973,4.889469,4.902088,30
pow2,2,256,65536,65536,morton,naive_dedup,strided,aligned,4,16,1024,128,64,260,1024,56580,128,4194304,17,group+chunk,1,4,320,56900,0.873037,0.871681,0.874621,4.660001,4.654295,4.663332,30
pow2,2,256,65536,65536,morton,naive_dedup,strided,aligned,5,32,1024,64,32,132,1024,48900,64,4194304,17,group+chunk,1,5,400,49300,0.863730,0.862142,0.865028,4.550650,4.544042,4.578352,30
pow2,2,256,65536,65536,morton,naive_dedup,strided,aligned,6,64,1024,32,16,68,1024,45060,32,4194304,17,group+chunk,1,6,480,45540,0.859703,0.858540,0.860985,4.499127,4.495706,4.505415,30
pow2,2,256,65536,65536,morton,naive_dedup,strided,aligned,7,128,1024,16,8,36,1024,43140,16,4194304,17,group+chunk,1,7,560,43700,0.858535,0.857052,0.860304,4.474706,4.469461,4.478794,30
pow2,2,256,65536,65536,morton,naive_dedup,strided,aligned,8,256,1024,8,4,20,1024,42180,8,4194304,17,group+chunk,1,8,640,42820,0.857774,0.856827,0.859438,4.466295,4.458451,4.470603,30
pow2,2,256,65536,65536,morton,naive_dedup,strided,aligned,9,512,1024,4,2,12,1024,41700,4,4194304,17,group+chunk,1,9,720,42420,0.855490,0.854623,0.856647,4.464392,4.458836,4.467011,30
pow2,2,256,65536,65536,morton,naive_dedup,strided,aligned,10,1024,1024,2,1,8,1024,41460,2,4194304,17,group+chunk,1,10,800,42260,0.857935,0.856251,0.858896,4.461470,4.457974,4.464587,30
pow2,2,256,65536,65536,morton,naive_dedup,strided,aligned,11,2048,1024,2,1,6,3072,123300,2,4194304,17,group+chunk,1,11,880,124180,0.920016,0.919104,0.921209,4.786329,4.780684,4.790197,30
pow2,2,256,65536,65536,morton,naive_dedup,strided,aligned,12,4096,1024,1,1,4,3072,123180,1,4194304,17,group+chunk,1,12,960,124140,0.920492,0.919816,0.921610,4.786149,4.782642,4.794851,30
pow2,2,256,65536,65536,morton,canonical_pruned,strided,aligned,0,1,1024,1024,1024,518,0,61780,1024,4194304,17,wide+chunk,1024,0,0,61780,0.966714,0.963960,0.967696,4.480878,4.475829,4.483668,30
pow2,2,256,65536,65536,morton,canonical_pruned,strided,aligned,1,2,1024,512,512,518,0,41300,512,4194304,17,wide+chunk,512,1,80,41380,0.918819,0.916419,0.920402,4.442656,4.439554,4.448958,30
pow2,2,256,65536,65536,morton,canonical_pruned,strided,aligned,2,4,1024,512,256,6,1024,61780,512,4194304,17,wide+chunk,512,2,160,61940,0.901201,0.899994,0.902644,4.520357,4.510399,4.526173,30
pow2,2,256,65536,65536,morton,canonical_pruned,strided,aligned,3,8,1024,256,128,6,1024,51540,256,4194304,17,wide+chunk,256,3,240,51780,0.877130,0.875783,0.878217,4.497806,4.494083,4.503059,30
pow2,2,256,65536,65536,morton,canonical_pruned,strided,aligned,4,16,1024,128,64,6,1024,46420,128,4194304,17,wide+chunk,128,4,320,46740,0.866195,0.864647,0.867166,4.480352,4.476890,4.483668,30
pow2,2,256,65536,65536,morton,canonical_pruned,strided,aligned,5,32,1024,64,32,6,1024,43860,64,4194304,17,wide+chunk,64,5,400,44260,0.860469,0.859688,0.861000,4.467257,4.465108,4.472843,30
pow2,2,256,65536,65536,morton,canonical_pruned,strided,aligned,6,64,1024,32,16,6,1024,42580,32,4194304,17,wide+chunk,32,6,480,43060,0.856526,0.855164,0.858295,4.466947,4.458672,4.474020,30
pow2,2,256,65536,65536,morton,canonical_pruned,strided,aligned,7,128,1024,16,8,6,1024,41940,16,4194304,17,wide+chunk,16,7,560,42500,0.856346,0.853110,0.857679,4.463595,4.457207,4.470869,30
pow2,2,256,65536,65536,morton,canonical_pruned,strided,aligned,8,256,1024,8,4,6,1024,41620,8,4194304,17,wide+chunk,8,8,640,42260,0.856692,0.854563,0.857778,4.459357,4.452855,4.465479,30
pow2,2,256,65536,65536,morton,canonical_pruned,strided,aligned,9,512,1024,4,2,6,1024,41460,4,4194304,17,wide+chunk,4,9,720,42180,0.856828,0.855249,0.858685,4.465153,4.456612,4.469561,30
pow2,2,256,65536,65536,morton,canonical_pruned,strided,aligned,10,1024,1024,2,1,6,1024,41380,2,4194304,17,wide+chunk,2,10,800,42180,0.855855,0.854849,0.857103,4.468154,4.458736,4.854948,30
pow2,2,256,65536,65536,morton,canonical_pruned,strided,aligned,11,2048,1024,2,1,4,3072,123220,2,4194304,17,wide+chunk,2,11,880,124100,0.919055,0.917547,0.920241,4.793538,4.788939,4.796508,30
pow2,2,256,65536,65536,morton,canonical_pruned,strided,aligned,12,4096,1024,1,1,4,3072,123180,1,4194304,17,group+chunk,1,12,960,124140,0.920598,0.919110,0.922040,4.789079,4.784220,4.793829,30
pow2,2,256,65536,65536,morton,naive_dedup,strided,offset,0,1,1024,1024,1024,2725,0,150060,1024,4194304,17,group+chunk,1,0,0,150060,1.039853,1.036677,1.040875,6.428439,6.424802,6.432141,30
pow2,2,256,65536,65536,morton,naive_dedup,strided,offset,1,2,1024,544,512,1701,64,92460,544,4194304,17,group+chunk,1,1,80,92540,0.930286,0.928437,0.932094,5.369355,5.365478,5.371499,30
pow2,2,256,65536,65536,morton,naive_dedup,strided,offset,2,4,1024,544,256,1157,1152,114220,544,4194304,17,group+chunk,1,2,160,114380,0.958504,0.957377,0.959491,5.495859,5.489111,5.874828,30
pow2,2,256,65536,65536,morton,naive_dedup,strided,offset,3,8,1024,288,128,613,1280,87340,288,4194304,17,group+chunk,1,3,240,87580,0.914581,0.913364,0.915163,5.000128,4.995309,5.005473,30
pow2,2,256,65536,65536,morton,naive_dedup,strided,offset,4,16,1024,144,64,325,1280,70060,144,4194304,17,group+chunk,1,4,320,70380,0.888848,0.887431,0.890697,4.730038,4.724789,4.733585,30
pow2,2,256,65536,65536,morton,naive_dedup,strided,offset,5,32,1024,80,32,181,1536,71980,80,4194304,17,group+chunk,1,5,400,72380,0.887886,0.886493,0.889644,4.655042,4.650999,4.659681,30
pow2,2,256,65536,65536,morton,naive_dedup,strided,offset,6,64,1024,40,16,101,1536,67180,40,4194304,17,group+chunk,1,6,480,67660,0.881569,0.880672,0.882676,4.594762,4.588030,4.603664,30
pow2,2,256,65536,65536,morton,naive_dedup,strided,offset,7,128,1024,24,8,61,2048,85420,24,4194304,17,group+chunk,1,7,560,85980,0.893061,0.891453,0.894613,4.651119,4.647687,4.662330,30
pow2,2,256,65536,65536,morton,naive_dedup,strided,offset,8,256,1024,12,4,37,2048,83980,12,4194304,17,group+chunk,1,8,640,84620,0.887069,0.884664,0.889814,4.629509,4.627410,4.632804,30
pow2,2,256,65536,65536,morton,naive_dedup,strided,offset,9,512,1024,8,2,25,3072,124300,8,4194304,17,group+chunk,1,9,720,125020,0.919175,0.917362,0.923698,4.792205,4.787501,4.795396,30
pow2,2,256,65536,65536,morton,naive_dedup,strided,offset,10,1024,1024,6,1,17,5120,205820,6,4194304,17,group+chunk,1,10,800,206620,0.989738,0.986862,0.991888,5.119578,5.112690,5.123636,30
pow2,2,256,65536,65536,morton,naive_dedup,strided,offset,11,2048,1024,3,1,11,5120,205460,3,4194304,17,group+chunk,1,11,880,206340,0.987695,0.984058,0.992123,5.115721,5.111313,5.486045,30
pow2,2,256,65536,65536,morton,naive_dedup,strided,offset,12,4096,1024,2,1,8,7168,287220,2,4194304,17,group+chunk,1,12,960,288180,1.051519,1.050863,1.053113,5.438555,5.436666,5.442011,30
pow2,2,256,65536,65536,morton,canonical_pruned,strided,offset,0,1,1024,1024,1024,679,0,68220,1024,4194304,17,wide+chunk,1024,0,0,68220,0.989027,0.986898,0.991481,4.513935,4.509748,4.519812,30
pow2,2,256,65536,65536,morton,canonical_pruned,strided,offset,1,2,1024,544,512,615,64,49020,544,4194304,17,wide+chunk,544,1,80,49100,0.942118,0.937324,1.261296,4.472853,4.464713,4.477912,30
pow2,2,256,65536,65536,morton,canonical_pruned,strided,offset,2,4,1024,544,256,71,1152,70780,544,4194304,17,wide+chunk,544,2,160,70940,0.924966,0.922826,0.931644,4.553319,4.551005,4.566049,30
pow2,2,256,65536,65536,morton,canonical_pruned,strided,offset,3,8,1024,288,128,39,1280,64380,288,4194304,17,wide+chunk,288,3,240,64620,0.898190,0.894890,0.904247,4.543787,4.533812,4.552513,30
pow2,2,256,65536,65536,morton,canonical_pruned,strided,offset,4,16,1024,144,64,39,1280,58620,144,4194304,17,wide+chunk,144,4,320,58940,0.878358,0.876084,0.880487,4.523924,4.515152,4.529635,30
pow2,2,256,65536,65536,morton,canonical_pruned,strided,offset,5,32,1024,80,32,23,1536,65660,80,4194304,17,wide+chunk,80,5,400,66060,0.877803,0.877015,0.881389,4.551902,4.547748,4.563333,30
pow2,2,256,65536,65536,morton,canonical_pruned,strided,offset,6,64,1024,40,16,23,1536,64060,40,4194304,17,wide+chunk,40,6,480,64540,0.877912,0.875287,0.880132,4.544087,4.540475,4.546286,30
pow2,2,256,65536,65536,morton,canonical_pruned,strided,offset,7,128,1024,24,8,15,2048,83580,24,4194304,17,wide+chunk,24,7,560,84140,0.890035,0.888537,0.893201,4.625190,4.619584,4.636897,30
pow2,2,256,65536,65536,morton,canonical_pruned,strided,offset,8,256,1024,12,4,15,2048,83100,12,4194304,17,wide+chunk,12,8,640,83740,0.892594,0.890010,0.894969,4.623036,4.616774,4.627499,30
pow2,2,256,65536,65536,morton,canonical_pruned,strided,offset,9,512,1024,8,2,11,3072,123740,8,4194304,17,wide+chunk,8,9,720,124460,0.924214,0.920568,0.927611,4.782066,4.775134,4.785047,30
pow2,2,256,65536,65536,morton,canonical_pruned,strided,offset,10,1024,1024,6,1,7,5120,205420,6,4194304,17,wide+chunk,6,10,800,206220,0.989418,0.986958,0.991572,5.117434,5.113777,5.123671,30
pow2,2,256,65536,65536,morton,canonical_pruned,strided,offset,11,2048,1024,3,1,7,5120,205300,3,4194304,17,wide+chunk,3,11,880,206180,0.987559,0.985761,0.988862,5.116392,5.111573,5.510215,30
pow2,2,256,65536,65536,morton,canonical_pruned,strided,offset,12,4096,1024,2,1,6,7168,287140,2,4194304,17,wide+chunk,2,12,960,288100,1.058508,1.056725,1.061132,5.444488,5.443414,5.449456,30
pow2,2,256,65536,65536,morton,naive_dedup,sparse,aligned,0,1,1024,1024,1024,7348,0,334980,1024,4194304,17,group+chunk,1,0,0,334980,33.299574,33.232527,33.415803,38.744586,38.641932,38.853782,30
pow2,2,256,65536,65536,morton,naive_dedup,sparse,aligned,1,2,1024,1017,512,6324,1010,334140,1017,4194304,17,group+chunk,1,1,80,334220,33.315319,33.286980,33.379254,38.637630,38.580596,38.858542,30
pow2,2,256,65536,65536,morton,naive_dedup,sparse,aligned,2,4,1024,997,256,5307,2964,370820,997,4194304,17,group+chunk,1,2,160,370980,33.322713,33.234901,33.392193,38.792071,38.740774,38.884816,30
pow2,2,256,65536,65536,morton,naive_dedup,sparse,aligned,3,8,1024,966,128,4310,6704,479300,966,4194304,17,group+chunk,1,3,240,479540,33.388296,33.265073,33.490699,39.098649,39.015302,39.240968,30
pow2,2,256,65536,65536,morton,naive_dedup,sparse,aligned,4,16,1024,914,64,3344,13600,714420,914,4194304,17,group+chunk,1,4,320,714740,33.451555,33.380862,33.508433,39.988884,39.885184,40.180171,30
pow2,2,256,65536,65536,morton,naive_dedup,sparse,aligned,5,32,1024,816,32,2430,25088,1133460,816,4194304,17,group+chunk,1,5,400,1133860,33.764576,33.719507,33.806410,41.615591,41.538484,42.653549,30
pow2,2,256,65536,65536,morton,naive_dedup,sparse,aligned,6,64,1024,670,16,1614,41856,1765700,670,4194304,17,group+chunk,1,6,480,1766180,34.249286,34.204807,34.335795,43.914029,43.853995,43.977964,30
pow2,2,256,65536,65536,morton,naive_dedup,sparse,aligned,7,128,1024,442,8,944,55552,2277620,442,4194304,17,group+chunk,1,7,560,2278180,34.779803,34.719073,34.960513,45.910277,45.824875,46.062058,30
pow2,2,256,65536,65536,morton,naive_dedup,sparse,aligned,8,256,1024,248,4,502,62464,2528660,248,4194304,17,group+chunk,1,8,640,2529300,35.132679,34.981027,35.320393,46.788539,46.723482,46.961370,30
pow2,2,256,65536,65536,morton,naive_dedup,sparse,aligned,9,512,1024,128,2,254,64512,2595860,128,4194304,17,group+chunk,1,9,720,2596580,35.121968,35.099506,35.160145,46.959336,46.879736,47.038085,30
pow2,2,256,65536,65536,morton,naive_dedup,sparse,aligned,10,1024,1024,64,1,126,64512,2588180,64,4194304,17,group+chunk,1,10,800,2588980,35.227147,35.185649,35.267148,46.885177,46.805672,47.005949,30
pow2,2,256,65536,65536,morton,naive_dedup,sparse,aligned,11,2048,1024,32,1,62,64512,2584340,32,4194304,17,group+chunk,1,11,880,2585220,35.148077,35.083296,35.228459,46.943001,46.805146,47.027555,30
pow2,2,256,65536,65536,morton,naive_dedup,sparse,aligned,12,4096,1024,16,1,30,64512,2582420,16,4194304,17,group+chunk,1,12,960,2583380,35.110211,35.020432,35.224086,46.831220,46.775003,46.895592,30
pow2,2,256,65536,65536,morton,canonical_pruned,sparse,aligned,0,1,1024,1024,1024,5302,0,253140,1024,4194304,17,wide+chunk,1024,0,0,253140,33.457036,33.380331,33.551259,37.606068,37.436283,40.671228,30
pow2,2,256,65536,65536,morton,canonical_pruned,sparse,aligned,1,2,1024,1017,512,4292,1010,252860,1017,4194304,17,wide+chunk,1017,1,80,252940,33.464515,33.397048,33.522665,37.513903,37.370933,37.614023,30
pow2,2,256,65536,65536,morton,canonical_pruned,sparse,aligned,2,4,1024,997,256,3315,2964,291140,997,4194304,17,wide+chunk,997,2,160,291300,33.410984,33.278844,33.620524,37.549596,37.517680,37.745541,30
pow2,2,256,65536,65536,morton,canonical_pruned,sparse,aligned,3,8,1024,966,128,2380,6704,402100,966,4194304,17,wide+chunk,966,3,240,402340,33.446671,33.341532,33.519749,38.098376,37.961118,38.250719,30
pow2,2,256,65536,65536,morton,canonical_pruned,sparse,aligned,4,16,1024,914,64,1518,13600,641380,914,4194304,17,wide+chunk,914,4,320,641700,33.574348,33.501695,33.668820,39.056214,38.969666,39.229742,30
pow2,2,256,65536,65536,morton,canonical_pruned,sparse,aligned,5,32,1024,816,32,800,25088,1068260,816,4194304,17,wide+chunk,816,5,400,1068660,33.929447,33.779205,34.389907,41.076938,40.671058,50.247894,30
pow2,2,256,65536,65536,morton,canonical_pruned,sparse,aligned,6,64,1024,670,16,276,41856,1712180,670,4194304,17,wide+chunk,670,6,480,1712660,34.333325,34.292818,34.426070,43.249804,43.168871,43.318875,30
pow2,2,256,65536,65536,morton,canonical_pruned,sparse,aligned,7,128,1024,442,8,62,55552,2242340,442,4194304,17,wide+chunk,442,7,560,2242900,34.909166,34.837757,34.971099,45.405559,45.335963,45.495950,30
pow2,2,256,65536,65536,morton,canonical_pruned,sparse,aligned,8,256,1024,248,4,8,62464,2508900,248,4194304,17,wide+chunk,248,8,640,2509540,35.117520,35.053610,35.168076,46.533573,46.479326,46.620071,30
pow2,2,256,65536,65536,morton,canonical_pruned,sparse,aligned,9,512,1024,128,2,0,64512,2585700,128,4194304,17,wide+chunk,128,9,720,2586420,35.089818,35.011169,35.167865,46.886885,46.806328,47.009762,30
pow2,2,256,65536,65536,morton,canonical_pruned,sparse,aligned,10,1024,1024,64,1,0,64512,2583140,64,4194304,17,wide+chunk,64,10,800,2583940,35.168366,35.076819,35.219593,46.938953,46.800787,47.103844,30
pow2,2,256,65536,65536,morton,canonical_pruned,sparse,aligned,11,2048,1024,32,1,0,64512,2581860,32,4194304,17,wide+chunk,32,11,880,2582740,35.126036,35.085239,35.177383,46.836860,46.778776,46.974475,30
pow2,2,256,65536,65536,morton,canonical_pruned,sparse,aligned,12,4096,1024,16,1,0,64512,2581220,16,4194304,17,wide+chunk,16,12,960,2582180,35.192177,35.114014,35.250286,46.865524,46.726633,47.030301,30
pow2,2,256,65536,65536,morton,naive_dedup,sparse,offset,0,1,1024,1024,1024,7348,0,334980,1024,4194304,17,group+chunk,1,0,0,334980,32.789696,32.700829,32.930572,37.932102,37.888035,38.118981,30
pow2,2,256,65536,65536,morton,naive_dedup,sparse,offset,1,2,1024,1017,512,6324,1010,334140,1017,4194304,17,group+chunk,1,1,80,334220,32.739126,32.661589,32.847821,38.145891,38.099834,38.197493,30
pow2,2,256,65536,65536,morton,naive_dedup,sparse,offset,2,4,1024,997,256,5307,2964,370820,997,4194304,17,group+chunk,1,2,160,370980,32.793043,32.728907,32.911571,38.280706,38.216124,38.371678,30
pow2,2,256,65536,65536,morton,naive_dedup,sparse,offset,3,8,1024,966,128,4310,6704,479300,966,4194304,17,group+chunk,1,3,240,479540,32.922357,32.896332,32.988957,38.669840,38.599518,38.797190,30
pow2,2,256,65536,65536,morton,naive_dedup,sparse,offset,4,16,1024,914,64,3344,13600,714420,914,4194304,17,group+chunk,1,4,320,714740,33.139781,33.068512,33.179026,39.759953,39.678704,39.798721,30
pow2,2,256,65536,65536,morton,naive_dedup,sparse,offset,5,32,1024,816,32,2430,25088,1133460,816,4194304,17,group+chunk,1,5,400,1133860,33.513092,33.430712,33.664768,41.265023,41.180324,41.311256,30
pow2,2,256,65536,65536,morton,naive_dedup,sparse,offset,6,64,1024,670,16,1614,41856,1765700,670,4194304,17,group+chunk,1,6,480,1766180,34.169606,33.916694,39.676310,43.630809,43.571402,43.770407,30
pow2,2,256,65536,65536,morton,naive_dedup,sparse,offset,7,128,1024,442,8,944,55552,2277620,442,4194304,17,group+chunk,1,7,560,2278180,34.631883,34.470454,39.522189,45.555166,45.522324,45.653792,30
pow2,2,256,65536,65536,morton,naive_dedup,sparse,offset,8,256,1024,248,4,502,62464,2528660,248,4194304,17,group+chunk,1,8,640,2529300,34.813366,34.706770,34.972035,46.434596,46.380124,46.555419,30
pow2,2,256,65536,65536,morton,naive_dedup,sparse,offset,9,512,1024,128,2,254,64512,2595860,128,4194304,17,group+chunk,1,9,720,2596580,34.892170,34.796204,34.967261,46.633362,46.561606,46.739025,30
pow2,2,256,65536,65536,morton,naive_dedup,sparse,offset,10,1024,1024,64,1,126,64512,2588180,64,4194304,17,group+chunk,1,10,800,2588980,34.765159,34.717219,34.842291,46.540962,46.481504,46.587069,30
pow2,2,256,65536,65536,morton,naive_dedup,sparse,offset,11,2048,1024,32,1,62,64512,2584340,32,4194304,17,group+chunk,1,11,880,2585220,34.857304,34.810696,34.987249,46.513555,46.475533,46.582786,30
pow2,2,256,65536,65536,morton,naive_dedup,sparse,offset,12,4096,1024,16,1,30,64512,2582420,16,4194304,17,group+chunk,1,12,960,2583380,34.785317,34.708738,34.865053,46.433895,46.395122,46.506842,30
pow2,2,256,65536,65536,morton,canonical_pruned,sparse,offset,0,1,1024,1024,1024,5302,0,253140,1024,4194304,17,wide+chunk,1024,0,0,253140,33.168857,33.074273,33.413554,37.174148,37.044347,37.258661,30
pow2,2,256,65536,65536,morton,canonical_pruned,sparse,offset,1,2,1024,1017,512,4292,1010,252860,1017,4194304,17,wide+chunk,1017,1,80,252940,33.120881,32.751625,36.806087,40.361378,36.818942,44.480353,30
pow2,2,256,65536,65536,morton,canonical_pruned,sparse,offset,2,4,1024,997,256,3315,2964,291140,997,4194304,17,wide+chunk,997,2,160,291300,33.048089,32.961571,33.152345,37.186796,37.107376,37.219362,30
pow2,2,256,65536,65536,morton,canonical_pruned,sparse,offset,3,8,1024,966,128,2380,6704,402100,966,4194304,17,wide+chunk,966,3,240,402340,33.047813,32.880527,33.140253,37.608622,37.544497,37.789643,30
pow2,2,256,65536,65536,morton,canonical_pruned,sparse,offset,4,16,1024,914,64,1518,13600,641380,914,4194304,17,wide+chunk,914,4,320,641700,33.147240,33.034068,33.186009,38.556721,38.494740,38.633281,30
pow2,2,256,65536,65536,morton,canonical_pruned,sparse,offset,5,32,1024,816,32,800,25088,1068260,816,4194304,17,wide+chunk,816,5,400,1068660,33.410588,33.353521,33.582874,40.232460,40.171494,40.277800,30
pow2,2,256,65536,65536,morton,canonical_pruned,sparse,offset,6,64,1024,670,16,276,41856,1712180,670,4194304,17,wide+chunk,670,6,480,1712660,33.945017,33.896786,34.025278,42.842401,42.765261,42.894509,30
pow2,2,256,65536,65536,morton,canonical_pruned,sparse,offset,7,128,1024,442,8,62,55552,2242340,442,4194304,17,wide+chunk,442,7,560,2242900,34.311633,34.192579,34.477858,45.052287,44.737518,50.368211,30
pow2,2,256,65536,65536,morton,canonical_pruned,sparse,offset,8,256,1024,248,4,8,62464,2508900,248,4194304,17,wide+chunk,248,8,640,2509540,34.718898,34.629934,34.782337,45.931631,45.864189,46.053277,30
pow2,2,256,65536,65536,morton,canonical_pruned,sparse,offset,9,512,1024,128,2,0,64512,2585700,128,4194304,17,wide+chunk,128,9,720,2586420,34.641557,34.609962,34.714599,46.481805,46.393318,50.404570,30
pow2,2,256,65536,65536,morton,canonical_pruned,sparse,offset,10,1024,1024,64,1,0,64512,2583140,64,4194304,17,wide+chunk,64,10,800,2583940,34.595956,34.474466,34.695854,46.456036,46.350257,46.593450,30
pow2,2,256,65536,65536,morton,canonical_pruned,sparse,offset,11,2048,1024,32,1,0,64512,2581860,32,4194304,17,wide+chunk,32,11,880,2582740,34.633381,34.526349,34.683396,46.429883,46.339297,47.229191,30
pow2,2,256,65536,65536,morton,canonical_pruned,sparse,offset,12,4096,1024,16,1,0,64512,2581220,16,4194304,17,wide+chunk,16,12,960,2582180,34.534004,34.498296,34.587655,46.253604,46.195034,46.407826,30
pow2,3,32,32768,32768,row_major,naive_dedup,all,n/a,0,1,32768,32768,32768,65534,0,3932196,32768,134217728,16,group+chunk,1,0,0,3932196,8.315190,8.298383,8.331075,177.880473,177.771422,178.052798,30
pow2,3,32,32768,32768,row_major,naive_dedup,all,n/a,1,2,32768,16384,16384,32766,0,1966116,16384,134217728,16,group+chunk,1,1,80,1966196,4.523318,4.508870,4.528787,143.221804,143.095862,143.372308,30
pow2,3,32,32768,32768,row_major,naive_dedup,all,n/a,2,4,32768,8192,8192,16382,0,983076,8192,134217728,16,group+chunk,1,2,160,983236,2.716903,2.708562,2.723070,127.021451,126.893550,127.126193,30
pow2,3,32,32768,32768,row_major,naive_dedup,all,n/a,3,8,32768,4096,4096,8190,0,491556,4096,134217728,16,group+chunk,1,3,240,491796,1.860652,1.853273,1.879087,119.389441,119.228666,119.458906,30
pow2,3,32,32768,32768,row_major,naive_dedup,all,n/a,4,16,32768,2048,2048,4094,0,245796,2048,134217728,16,group+chunk,1,4,320,246116,1.466734,1.462871,1.476688,115.822251,115.676517,115.991025,30
pow2,3,32,32768,32768,row_major,naive_dedup,all,n/a,5,32,32768,1024,1024,2046,0,122916,1024,134217728,16,group+chunk,1,5,400,123316,1.289540,1.285757,1.292990,113.994312,113.934414,114.124041,30
pow2,3,32,32768,32768,row_major,naive_dedup,all,n/a,6,64,32768,512,512,1022,0,61476,512,134217728,16,group+chunk,1,6,480,61956,1.210205,1.202550,1.214913,113.792215,113.611434,113.938587,30
pow2,3,32,32768,32768,row_major,naive_dedup,all,n/a,7,128,32768,256,256,510,0,30756,256,134217728,16,group+chunk,1,7,560,31316,1.173174,1.170489,1.177177,113.201300,113.128332,113.300883,30
pow2,3,32,32768,32768,row_major,naive_dedup,all,n/a,8,256,32768,128,128,254,0,15396,128,134217728,16,group+chunk,1,8,640,16036,1.162940,1.160376,1.165344,112.985907,112.914784,113.165472,30
pow2,3,32,32768,32768,row_major,naive_dedup,all,n/a,9,512,32768,64,64,126,0,7716,64,134217728,16,group+chunk,1,9,720,8436,1.158637,1.153787,1.163927,112.986434,112.905988,113.091628,30
pow2,3,32,32768,32768,row_major,naive_dedup,all,n/a,10,1024,32768,32,32,62,0,3876,32,134217728,16,group+chunk,1,10,800,4676,1.159659,1.155571,1.162545,112.837293,112.741427,112.939690,30
pow2,3,32,32768,32768,row_major,naive_dedup,all,n/a,11,2048,32768,16,16,30,0,1956,16,134217728,16,group+chunk,1,11,880,2836,1.161256,1.156543,1.169833,113.070753,112.985592,113.246695,30
pow2,3,32,32768,32768,row_major,naive_dedup,all,n/a,12,4096,32768,8,8,14,0,996,8,134217728,16,group+chunk,1,12,960,1956,1.158987,1.156563,1.161929,113.098686,112.992005,113.228581,30
pow2,3,32,32768,32768,row_major,canonical_pruned,all,n/a,0,1,32768,32768,32768,0,0,1310836,32768,134217728,16,wide+chunk,32768,0,0,1310836,4.378685,4.374978,4.382217,116.850503,116.744488,117.033483,30
pow2,3,32,32768,32768,row_major,canonical_pruned,all,n/a,1,2,32768,16384,16384,0,0,655476,16384,134217728,16,wide+chunk,16384,1,80,655556,2.852775,2.849844,2.857785,114.929251,114.863017,114.998937,30
pow2,3,32,32768,32768,row_major,canonical_pruned,all,n/a,2,4,32768,8192,8192,0,0,327796,8192,134217728,16,wide+chunk,8192,2,160,327956,2.004139,1.997100,2.012409,114.061408,113.927319,114.221114,30
pow2,3,32,32768,32768,row_major,canonical_pruned,all,n/a,3,8,32768,4096,4096,0,0,163956,4096,134217728,16,wide+chunk,4096,3,240,164196,1.582728,1.575169,1.585443,113.752269,113.641540,113.835787,30
pow2,3,32,32768,32768,row_major,canonical_pruned,all,n/a,4,16,32768,2048,2048,0,0,82036,2048,134217728,16,wide+chunk,2048,4,320,82356,1.366825,1.358564,1.371694,113.370579,113.223662,113.630254,30
pow2,3,32,32768,32768,row_major,canonical_pruned,all,n/a,5,32,32768,1024,1024,0,0,41076,1024,134217728,16,wide+chunk,1024,5,400,41476,1.251247,1.245907,1.258205,113.388323,113.319758,113.481679,30
pow2,3,32,32768,32768,row_major,canonical_pruned,all,n/a,6,64,32768,512,512,0,0,20596,512,134217728,16,wide+chunk,512,6,480,21076,1.219011,1.213135,1.227728,113.422452,113.263657,113.491738,30
pow2,3,32,32768,32768,row_major,canonical_pruned,all,n/a,7,128,32768,256,256,0,0,10356,256,134217728,16,wide+chunk,256,7,560,10916,1.206087,1.198703,1.213571,113.337837,113.202076,113.596846,30
pow2,3,32,32768,32768,row_major,canonical_pruned,all,n/a,8,256,32768,128,128,0,0,5236,128,134217728,16,wide+chunk,128,8,640,5876,1.187126,1.180759,1.192611,113.242021,113.151486,113.401628,30
pow2,3,32,32768,32768,row_major,canonical_pruned,all,n/a,9,512,32768,64,64,0,0,2676,64,134217728,16,wide+chunk,64,9,720,3396,1.175183,1.167298,1.180303,113.265270,113.152488,113.421185,30
pow2,3,32,32768,32768,row_major,canonical_pruned,all,n/a,10,1024,32768,32,32,0,0,1396,32,134217728,16,wide+chunk,32,10,800,2196,1.150516,1.147316,1.153503,112.912610,112.835449,112.973405,30
pow2,3,32,32768,32768,row_major,canonical_pruned,all,n/a,11,2048,32768,16,16,0,0,756,16,134217728,16,wide+chunk,16,11,880,1636,1.154600,1.151954,1.165585,112.830084,112.703099,112.982862,30
pow2,3,32,32768,32768,row_major,canonical_pruned,all,n/a,12,4096,32768,8,8,0,0,436,8,134217728,16,wide+chunk,8,12,960,1396,1.170459,1.164163,1.175924,112.793369,112.709402,112.842016,30
pow2,3,32,32768,32768,row_major,naive_dedup,block,aligned,0,1,512,512,512,1168,0,67316,512,2097152,16,group+chunk,1,0,0,67316,0.105239,0.104738,0.105389,2.721847,2.721096,2.722298,30
pow2,3,32,32768,32768,row_major,naive_dedup,block,aligned,1,2,512,256,256,656,0,36596,256,2097152,16,group+chunk,1,1,80,36676,0.053827,0.052770,0.054432,2.182755,2.181558,2.183251,30
pow2,3,32,32768,32768,row_major,naive_dedup,block,aligned,2,4,512,128,128,400,0,21236,128,2097152,16,group+chunk,1,2,160,21396,0.037325,0.037170,0.037511,1.929537,1.929291,1.930478,30
pow2,3,32,32768,32768,row_major,naive_dedup,block,aligned,3,8,512,64,64,272,0,13556,64,2097152,16,group+chunk,1,3,240,13796,0.029606,0.029070,0.029832,1.811444,1.811049,1.811719,30
pow2,3,32,32768,32768,row_major,naive_dedup,block,aligned,4,16,512,64,32,208,512,31476,64,2097152,16,group+chunk,1,4,320,31796,0.040281,0.039559,0.040822,1.877118,1.876902,1.878070,30
pow2,3,32,32768,32768,row_major,naive_dedup,block,aligned,5,32,512,64,16,144,1536,69876,64,2097152,16,group+chunk,1,5,400,70276,0.066465,0.065604,0.067557,2.032151,2.029876,2.033483,30
pow2,3,32,32768,32768,row_major,naive_dedup,block,aligned,6,64,512,32,8,80,1536,66036,32,2097152,16,group+chunk,1,6,480,66516,0.064217,0.063380,0.065363,1.980934,1.979511,1.984100,30
pow2,3,32,32768,32768,row_major,naive_dedup,block,aligned,7,128,512,16,4,48,1536,64116,16,2097152,16,group+chunk,1,7,560,64676,0.063134,0.062498,0.063610,1.959073,1.958191,1.961122,30
pow2,3,32,32768,32768,row_major,naive_dedup,block,aligned,8,256,512,8,2,32,1536,63156,8,2097152,16,group+chunk,1,8,640,63796,0.060519,0.059913,0.061977,1.947331,1.946279,1.948428,30
pow2,3,32,32768,32768,row_major,naive_dedup,block,aligned,9,512,512,8,1,24,3584,144756,8,2097152,16,group+chunk,1,9,720,145476,0.128773,0.128382,0.128959,2.293820,2.293369,2.294340,30
pow2,3,32,32768,32768,row_major,naive_dedup,block,aligned,10,1024,512,8,1,16,7680,308276,8,2097152,16,group+chunk,1,10,800,309076,0.268582,0.268251,0.270014,2.948395,2.947764,2.949046,30
pow2,3,32,32768,32768,row_major,naive_dedup,block,aligned,11,2048,512,4,1,8,7680,307796,4,2097152,16,group+chunk,1,11,880,308676,0.268672,0.268356,0.270004,2.948541,2.947593,2.949057,30
pow2,3,32,32768,32768,row_major,naive_dedup,block,aligned,12,4096,512,2,1,4,7680,307556,2,2097152,16,group+chunk,1,12,960,308516,0.268948,0.268106,0.269489,2.947128,2.946682,2.947634,30
pow2,3,32,32768,32768,row_major,canonical_pruned,block,aligned,0,1,512,512,512,146,0,26436,512,2097152,16,wide+chunk,512,0,0,26436,0.063620,0.062102,0.065168,1.783812,1.782325,1.785375,30
pow2,3,32,32768,32768,row_major,canonical_pruned,block,aligned,1,2,512,256,256,146,0,16196,256,2097152,16,wide+chunk,256,1,80,16276,0.040506,0.039880,0.040993,1.755584,1.754782,1.756651,30
pow2,3,32,32768,32768,row_major,canonical_pruned,block,aligned,2,4,512,128,128,146,0,11076,128,2097152,16,wide+chunk,128,2,160,11236,0.033208,0.032767,0.033648,1.748806,1.747233,1.749617,30
pow2,3,32,32768,32768,row_major,canonical_pruned,block,aligned,3,8,512,64,64,146,0,8516,64,2097152,16,wide+chunk,64,3,240,8756,0.030538,0.030287,0.031499,1.742674,1.742143,1.743872,30
pow2,3,32,32768,32768,row_major,canonical_pruned,block,aligned,4,16,512,64,32,82,512,26436,64,2097152,16,wide+chunk,64,4,320,26756,0.041003,0.039134,0.041458,1.807807,1.806941,1.808613,30
pow2,3,32,32768,32768,row_major,canonical_pruned,block,aligned,5,32,512,64,16,18,1536,64836,64,2097152,16,wide+chunk,64,5,400,65236,0.064667,0.064021,0.066235,1.957791,1.956272,1.959388,30
pow2,3,32,32768,32768,row_major,canonical_pruned,block,aligned,6,64,512,32,8,18,1536,63556,32,2097152,16,wide+chunk,32,6,480,64036,0.063179,0.062167,0.064286,1.953212,1.951273,1.955070,30
pow2,3,32,32768,32768,row_major,canonical_pruned,block,aligned,7,128,512,16,4,18,1536,62916,16,2097152,16,wide+chunk,16,7,560,63476,0.061947,0.060844,0.062709,1.948367,1.947115,1.949324,30
pow2,3,32,32768,32768,row_major,canonical_pruned,block,aligned,8,256,512,8,2,18,1536,62596,8,2097152,16,wide+chunk,8,8,640,63236,0.062608,0.061617,0.063350,1.948493,1.946985,1.949254,30
pow2,3,32,32768,32768,row_major,canonical_pruned,block,aligned,9,512,512,8,1,10,3584,144196,8,2097152,16,wide+chunk,8,9,720,144916,0.129801,0.129394,0.130451,2.293398,2.292351,2.294310,30
pow2,3,32,32768,32768,row_major,canonical_pruned,block,aligned,10,1024,512,8,1,2,7680,307716,8,2097152,16,wide+chunk,8,10,800,308516,0.270154,0.269213,0.270655,2.946786,2.946055,2.948069,30
pow2,3,32,32768,32768,row_major,canonical_pruned,block,aligned,11,2048,512,4,1,2,7680,307556,4,2097152,16,wide+chunk,4,11,880,308436,0.268807,0.268061,0.270265,2.946506,2.945826,2.947393,30
pow2,3,32,32768,32768,row_major,canonical_pruned,block,aligned,12,4096,512,2,1,2,7680,307476,2,2097152,16,wide+chunk,2,12,960,308436,0.265180,0.264018,0.266473,2.946332,2.946030,2.947158,30
pow2,3,32,32768,32768,row_major,naive_dedup,block,offset,0,1,512,512,512,1460,0,78996,512,2097152,16,group+chunk,1,0,0,78996,0.126644,0.125943,0.127821,2.722859,2.722078,2.723681,30
pow2,3,32,32768,32768,row_major,naive_dedup,block,offset,1,2,512,320,256,948,128,55956,320,2097152,16,group+chunk,1,1,80,56036,0.078317,0.077446,0.079751,2.322910,2.322368,2.324027,30
pow2,3,32,32768,32768,row_major,naive_dedup,block,offset,2,4,512,192,128,628,256,43156,192,2097152,16,group+chunk,1,2,160,43316,0.052715,0.052073,0.053682,2.078748,2.078292,2.079510,30
pow2,3,32,32768,32768,row_major,naive_dedup,block,offset,3,8,512,128,64,436,512,43156,128,2097152,16,group+chunk,1,3,240,43396,0.048968,0.048031,0.049669,1.989240,1.988799,1.989916,30
pow2,3,32,32768,32768,row_major,naive_dedup,block,offset,4,16,512,128,32,308,1536,78996,128,2097152,16,group+chunk,1,4,320,79316,0.079550,0.078418,0.079851,2.139193,2.138001,2.139679,30
pow2,3,32,32768,32768,row_major,naive_dedup,block,offset,5,32,512,64,16,180,1536,71316,64,2097152,16,group+chunk,1,5,400,71716,0.069627,0.069090,0.070238,2.033543,2.031825,2.034365,30
pow2,3,32,32768,32768,row_major,naive_dedup,block,offset,6,64,512,40,8,116,2048,88276,40,2097152,16,group+chunk,1,6,480,88756,0.081619,0.080768,0.082871,2.083327,2.082555,2.084669,30
pow2,3,32,32768,32768,row_major,naive_dedup,block,offset,7,128,512,24,4,76,2560,106516,24,2097152,16,group+chunk,1,7,560,107076,0.095841,0.095610,0.096537,2.147258,2.146687,2.148019,30
pow2,3,32,32768,32768,row_major,naive_dedup,block,offset,8,256,512,16,2,52,3584,146196,16,2097152,16,group+chunk,1,8,640,146836,0.128387,0.127882,0.129074,2.305982,2.305637,2.306624,30
pow2,3,32,32768,32768,row_major,naive_dedup,block,offset,9,512,512,16,1,36,7680,309396,16,2097152,16,group+chunk,1,9,720,310116,0.269709,0.269169,0.270411,2.957623,2.957337,2.958509,30
pow2,3,32,32768,32768,row_major,naive_dedup,block,offset,10,1024,512,8,1,20,7680,308436,8,2097152,16,group+chunk,1,10,800,309236,0.263923,0.263677,0.265211,2.949502,2.948716,2.950168,30
pow2,3,32,32768,32768,row_major,naive_dedup,block,offset,11,2048,512,5,1,12,9728,389916,5,2097152,16,group+chunk,1,11,880,390796,0.333024,0.332673,0.333870,3.275217,3.274421,3.276470,30
pow2,3,32,32768,32768,row_major,naive_dedup,block,offset,12,4096,512,3,1,7,11776,471556,3,2097152,16,group+chunk,1,12,960,472516,0.402845,0.402630,0.403612,3.603858,3.603482,3.605145,30
pow2,3,32,32768,32768,row_major,canonical_pruned,block,offset,0,1,512,512,512,438,0,38116,512,2097152,16,wide+chunk,512,0,0,38116,0.105319,0.104577,0.107332,1.850077,1.849230,1.850853,30
pow2,3,32,32768,32768,row_major,canonical_pruned,block,offset,1,2,512,320,256,310,128,30436,320,2097152,16,wide+chunk,320,1,80,30516,0.073809,0.072522,0.074871,1.823226,1.822205,1.824158,30
pow2,3,32,32768,32768,row_major,canonical_pruned,block,offset,2,4,512,192,128,246,256,27876,192,2097152,16,wide+chunk,192,2,160,28036,0.053791,0.053261,0.055265,1.812351,1.811549,1.814720,30
pow2,3,32,32768,32768,row_major,canonical_pruned,block,offset,3,8,512,128,64,182,512,32996,128,2097152,16,wide+chunk,128,3,240,33236,0.050400,0.049654,0.051868,1.832164,1.831577,1.836151,30
pow2,3,32,32768,32768,row_major,canonical_pruned,block,offset,4,16,512,128,32,54,1536,68836,128,2097152,16,wide+chunk,128,4,320,69156,0.073534,0.073098,0.074025,1.977888,1.976591,1.978975,30
pow2,3,32,32768,32768,row_major,canonical_pruned,block,offset,5,32,512,64,16,54,1536,66276,64,2097152,16,wide+chunk,64,5,400,66676,0.069541,0.067647,0.070278,1.965180,1.964058,1.967194,30
pow2,3,32,32768,32768,row_major,canonical_pruned,block,offset,6,64,512,40,8,38,2048,85156,40,2097152,16,wide+chunk,40,6,480,85636,0.081274,0.080643,0.082095,2.048166,2.047049,2.048546,30
pow2,3,32,32768,32768,row_major,canonical_pruned,block,offset,7,128,512,24,4,30,2560,104676,24,2097152,16,wide+chunk,24,7,560,105236,0.095541,0.095315,0.096607,2.130947,2.130085,2.131698,30
pow2,3,32,32768,32768,row_major,canonical_pruned,block,offset,8,256,512,16,2,22,3584,144996,16,2097152,16,wide+chunk,16,8,640,145636,0.130782,0.130090,0.131238,2.296921,2.296345,2.298022,30
pow2,3,32,32768,32768,row_major,canonical_pruned,block,offset,9,512,512,16,1,6,7680,308196,16,2097152,16,wide+chunk,16,9,720,308916,0.269654,0.269143,0.270586,2.946727,2.946337,2.947272,30
pow2,3,32,32768,32768,row_major,canonical_pruned,block,offset,10,1024,512,8,1,6,7680,307876,8,2097152,16,wide+chunk,8,10,800,308676,0.265070,0.264680,0.265782,2.946206,2.944918,2.947388,30
pow2,3,32,32768,32768,row_major,canonical_pruned,block,offset,11,2048,512,5,1,4,9728,389596,5,2097152,16,wide+chunk,5,11,880,390476,0.335083,0.334311,0.335584,3.273504,3.272407,3.274686,30
pow2,3,32,32768,32768,row_major,canonical_pruned,block,offset,12,4096,512,3,1,3,11776,471396,3,2097152,16,wide+chunk,3,12,960,472356,0.404273,0.403767,0.404664,3.601974,3.601218,3.602881,30
pow2,3,32,32768,32768,row_major,naive_dedup,strided,aligned,0,1,512,512,512,1680,0,87796,512,2097152,16,group+chunk,1,0,0,87796,0.312179,0.310701,0.312624,2.911285,2.910053,2.914116,30
pow2,3,32,32768,32768,row_major,naive_dedup,strided,aligned,1,2,512,512,256,1168,512,87796,512,2097152,16,group+chunk,1,1,80,87876,0.310521,0.309514,0.311222,2.931013,2.929013,2.931844,30
pow2,3,32,32768,32768,row_major,naive_dedup,strided,aligned,2,4,512,256,128,656,512,57076,256,2097152,16,group+chunk,1,2,160,57236,0.259525,0.258618,0.260552,2.418710,2.418025,2.420188,30
pow2,3,32,32768,32768,row_major,naive_dedup,strided,aligned,3,8,512,128,64,400,512,41716,128,2097152,16,group+chunk,1,3,240,41956,0.234056,0.232685,0.235354,2.175917,2.174420,2.185085,30
pow2,3,32,32768,32768,row_major,naive_dedup,strided,aligned,4,16,512,128,32,272,1536,77556,128,2097152,16,group+chunk,1,4,320,77876,0.274092,0.272780,0.274984,2.334431,2.333699,2.336009,30
pow2,3,32,32768,32768,row_major,naive_dedup,strided,aligned,5,32,512,64,16,144,1536,69876,64,2097152,16,group+chunk,1,5,400,70276,0.262390,0.261749,0.262931,2.229829,2.229398,2.231758,30
pow2,3,32,32768,32768,row_major,naive_dedup,strided,aligned,6,64,512,32,8,80,1536,66036,32,2097152,16,group+chunk,1,6,480,66516,0.258297,0.257416,0.260993,2.187289,2.186281,2.189637,30
pow2,3,32,32768,32768,row_major,naive_dedup,strided,aligned,7,128,512,16,4,48,1536,64116,16,2097152,16,group+chunk,1,7,560,64676,0.254430,0.252772,0.255247,2.159171,2.158414,2.161450,30
pow2,3,32,32768,32768,row_major,naive_dedup,strided,aligned,8,256,512,8,2,32,1536,63156,8,2097152,16,group+chunk,1,8,640,63796,0.252917,0.251690,0.253974,2.150238,2.148140,2.151146,30
pow2,3,32,32768,32768,row_major,naive_dedup,strided,aligned,9,512,512,8,1,24,3584,144756,8,2097152,16,group+chunk,1,9,720,145476,0.319944,0.319328,0.320855,2.489199,2.487450,2.490201,30
pow2,3,32,32768,32768,row_major,naive_dedup,strided,aligned,10,1024,512,8,1,16,7680,308276,8,2097152,16,group+chunk,1,10,800,309076,0.457749,0.456051,0.458606,3.141084,3.139210,3.143288,30
pow2,3,32,32768,32768,row_major,naive_dedup,strided,aligned,11,2048,512,4,1,8,7680,307796,4,2097152,16,group+chunk,1,11,880,308676,0.458275,0.457364,0.459137,3.139175,3.137668,3.141509,30
pow2,3,32,32768,32768,row_major,naive_dedup,strided,aligned,12,4096,512,2,1,4,7680,307556,2,2097152,16,group+chunk,1,12,960,308516,0.456832,0.456201,0.457433,3.138378,3.136425,3.140347,30
pow2,3,32,32768,32768,row_major,canonical_pruned,strided,aligned,0,1,512,512,512,658,0,46916,512,2097152,16,wide+chunk,512,0,0,46916,0.315937,0.314744,0.316838,2.084659,2.083854,2.085601,30
pow2,3,32,32768,32768,row_major,canonical_pruned,strided,aligned,1,2,512,512,256,146,512,46916,512,2097152,16,wide+chunk,512,1,80,46996,0.279112,0.278395,0.280394,2.066000,2.064902,2.067522,30
pow2,3,32,32768,32768,row_major,canonical_pruned,strided,aligned,2,4,512,256,128,146,512,36676,256,2097152,16,wide+chunk,256,2,160,36836,0.252697,0.251614,0.253458,2.038062,2.037265,2.041368,30
pow2,3,32,32768,32768,row_major,canonical_pruned,strided,aligned,3,8,512,128,64,146,512,31556,128,2097152,16,wide+chunk,128,3,240,31796,0.235650,0.233786,0.236491,2.016026,2.013426,2.018751,30
pow2,3,32,32768,32768,row_major,canonical_pruned,strided,aligned,4,16,512,128,32,18,1536,67396,128,2097152,16,wide+chunk,128,4,320,67716,0.266188,0.265191,0.267625,2.170572,2.168348,2.172185,30
pow2,3,32,32768,32768,row_major,canonical_pruned,strided,aligned,5,32,512,64,16,18,1536,64836,64,2097152,16,wide+chunk,64,5,400,65236,0.259985,0.259224,0.260912,2.158829,2.157923,2.160569,30
pow2,3,32,32768,32768,row_major,canonical_pruned,strided,aligned,6,64,512,32,8,18,1536,63556,32,2097152,16,wide+chunk,32,6,480,64036,0.257190,0.256123,0.257947,2.154702,2.153565,2.156956,30
pow2,3,32,32768,32768,row_major,canonical_pruned,strided,aligned,7,128,512,16,4,18,1536,62916,16,2097152,16,wide+chunk,16,7,560,63476,0.258533,0.258242,0.259425,2.151636,2.150288,2.152779,30
pow2,3,32,32768,32768,row_major,canonical_pruned,strided,aligned,8,256,512,8,2,18,1536,62596,8,2097152,16,wide+chunk,8,8,640,63236,0.257221,0.256654,0.258402,2.151441,2.149402,2.152788,30
pow2,3,32,32768,32768,row_major,canonical_pruned,strided,aligned,9,512,512,8,1,10,3584,144196,8,2097152,16,wide+chunk,8,9,720,144916,0.321993,0.320746,0.322715,2.486357,2.485472,2.486934,30
pow2,3,32,32768,32768,row_major,canonical_pruned,strided,aligned,10,1024,512,8,1,2,7680,307716,8,2097152,16,wide+chunk,8,10,800,308516,0.460579,0.459437,0.461537,3.139776,3.137703,3.141414,30
pow2,3,32,32768,32768,row_major,canonical_pruned,strided,aligned,11,2048,512,4,1,2,7680,307556,4,2097152,16,wide+chunk,4,11,880,308436,0.458991,0.458245,0.460610,3.137692,3.136004,3.139886,30
pow2,3,32,32768,32768,row_major,canonical_pruned,strided,aligned,12,4096,512,2,1,2,7680,307476,2,2097152,16,wide+chunk,2,12,960,308436,0.459883,0.459056,0.460789,3.139446,3.137808,3.142071,30
pow2,3,32,32768,32768,row_major,naive_dedup,strided,offset,0,1,512,512,512,1780,0,91796,512,2097152,16,group+chunk,1,0,0,91796,0.317810,0.317068,0.318557,2.908956,2.908039,2.910388,30
pow2,3,32,32768,32768,row_major,naive_dedup,strided,offset,1,2,512,512,256,1268,512,91796,512,2097152,16,group+chunk,1,1,80,91876,0.318993,0.317980,0.319924,2.925762,2.924590,2.926074,30
pow2,3,32,32768,32768,row_major,naive_dedup,strided,offset,2,4,512,256,128,756,512,61076,256,2097152,16,group+chunk,1,2,160,61236,0.266959,0.265887,0.268065,2.424341,2.422553,2.425849,30
pow2,3,32,32768,32768,row_major,naive_dedup,strided,offset,3,8,512,192,64,500,1024,68756,192,2097152,16,group+chunk,1,3,240,68996,0.273141,0.272228,0.273897,2.370971,2.369743,2.372002,30
pow2,3,32,32768,32768,row_major,naive_dedup,strided,offset,4,16,512,128,32,308,1536,78996,128,2097152,16,group+chunk,1,4,320,79316,0.274017,0.273246,0.275264,2.334261,2.333439,2.335864,30
pow2,3,32,32768,32768,row_major,naive_dedup,strided,offset,5,32,512,64,16,180,1536,71316,64,2097152,16,group+chunk,1,5,400,71716,0.266177,0.265626,0.266408,2.231622,2.230976,2.232423,30
pow2,3,32,32768,32768,row_major,naive_dedup,strided,offset,6,64,512,40,8,116,2048,88276,40,2097152,16,group+chunk,1,6,480,88756,0.275701,0.275189,0.276943,2.281842,2.280400,2.283139,30
pow2,3,32,32768,32768,row_major,naive_dedup,strided,offset,7,128,512,24,4,76,2560,106516,24,2097152,16,group+chunk,1,7,560,107076,0.290348,0.289411,0.291059,2.340358,2.339330,2.341935,30
pow2,3,32,32768,32768,row_major,naive_dedup,strided,offset,8,256,512,16,2,52,3584,146196,16,2097152,16,group+chunk,1,8,640,146836,0.323546,0.322900,0.323972,2.496357,2.495866,2.497814,30
pow2,3,32,32768,32768,row_major,naive_dedup,strided,offset,9,512,512,16,1,36,7680,309396,16,2097152,16,group+chunk,1,9,720,310116,0.459272,0.458556,0.461180,3.150336,3.147957,3.152150,30
pow2,3,32,32768,32768,row_major,naive_dedup,strided,offset,10,1024,512,8,1,20,7680,308436,8,2097152,16,group+chunk,1,10,800,309236,0.460064,0.458496,0.460724,3.142672,3.140949,3.144125,30
pow2,3,32,32768,32768,row_major,naive_dedup,strided,offset,11,2048,512,5,1,12,9728,389916,5,2097152,16,group+chunk,1,11,880,390796,0.527390,0.526924,0.528036,3.471878,3.469654,3.472795,30
pow2,3,32,32768,32768,row_major,naive_dedup,strided,offset,12,4096,512,3,1,7,11776,471556,3,2097152,16,group+chunk,1,12,960,472516,0.596581,0.595604,0.597287,3.801997,3.800413,3.802688,30
pow2,3,32,32768,32768,row_major,canonical_pruned,strided,offset,0,1,512,512,512,758,0,50916,512,2097152,16,wide+chunk,512,0,0,50916,0.334101,0.332693,0.335313,2.111981,2.110157,2.113118,30
pow2,3,32,32768,32768,row_major,canonical_pruned,strided,offset,1,2,512,512,256,246,512,50916,512,2097152,16,wide+chunk,512,1,80,50996,0.292722,0.292026,0.294055,2.091543,2.089965,2.092931,30
pow2,3,32,32768,32768,row_major,canonical_pruned,strided,offset,2,4,512,256,128,246,512,40676,256,2097152,16,wide+chunk,256,2,160,40836,0.266278,0.265125,0.266914,2.066611,2.063960,2.068214,30
pow2,3,32,32768,32768,row_major,canonical_pruned,strided,offset,3,8,512,192,64,118,1024,53476,192,2097152,16,wide+chunk,192,3,240,53716,0.268462,0.267780,0.269213,2.119109,2.116545,2.120172,30
pow2,3,32,32768,32768,row_major,canonical_pruned,strided,offset,4,16,512,128,32,54,1536,68836,128,2097152,16,wide+chunk,128,4,320,69156,0.271342,0.270320,0.271908,2.182485,2.180561,2.183676,30
pow2,3,32,32768,32768,row_major,canonical_pruned,strided,offset,5,32,512,64,16,54,1536,66276,64,2097152,16,wide+chunk,64,5,400,66676,0.264369,0.263853,0.265051,2.170252,2.168859,2.171199,30
pow2,3,32,32768,32768,row_major,canonical_pruned,strided,offset,6,64,512,40,8,38,2048,85156,40,2097152,16,wide+chunk,40,6,480,85636,0.276823,0.275971,0.278255,2.249802,2.248414,2.250744,30
pow2,3,32,32768,32768,row_major,canonical_pruned,strided,offset,7,128,512,24,4,30,2560,104676,24,2097152,16,wide+chunk,24,7,560,105236,0.289932,0.288795,0.291410,2.327704,2.325414,2.328631,30
pow2,3,32,32768,32768,row_major,canonical_pruned,strided,offset,8,256,512,16,2,22,3584,144996,16,2097152,16,wide+chunk,16,8,640,145636,0.323035,0.322443,0.323986,2.487330,2.486468,2.489504,30
pow2,3,32,32768,32768,row_major,canonical_pruned,strided,offset,9,512,512,16,1,6,7680,308196,16,2097152,16,wide+chunk,16,9,720,308916,0.457964,0.456411,0.458735,3.140287,3.138714,3.142797,30
pow2,3,32,32768,32768,row_major,canonical_pruned,strided,offset,10,1024,512,8,1,6,7680,307876,8,2097152,16,wide+chunk,8,10,800,308676,0.458575,0.457949,0.459472,3.139792,3.137848,3.142246,30
pow2,3,32,32768,32768,row_major,canonical_pruned,strided,offset,11,2048,512,5,1,4,9728,389596,5,2097152,16,wide+chunk,5,11,880,390476,0.527141,0.526769,0.528088,3.467124,3.465030,3.467706,30
pow2,3,32,32768,32768,row_major,canonical_pruned,strided,offset,12,4096,512,3,1,3,11776,471396,3,2097152,16,wide+chunk,3,12,960,472356,0.595239,0.594713,0.596170,3.801896,3.800368,3.802938,30
pow2,3,32,32768,32768,row_major,naive_dedup,sparse,aligned,0,1,512,512,512,3650,0,166596,512,2097152,16,group+chunk,1,0,0,166596,7.995727,7.936215,8.081564,10.565773,10.518554,10.604687,30
pow2,3,32,32768,32768,row_major,naive_dedup,sparse,aligned,1,2,512,508,256,3138,504,166116,508,2097152,16,group+chunk,1,1,80,166196,8.065269,7.997095,8.135993,10.534609,10.514095,10.575651,30
pow2,3,32,32768,32768,row_major,naive_dedup,sparse,aligned,2,4,512,501,128,2630,1492,185036,501,2097152,16,group+chunk,1,2,160,185196,7.912520,7.895663,7.933565,10.619179,10.580481,10.652206,30
pow2,3,32,32768,32768,row_major,naive_dedup,sparse,aligned,3,8,512,479,64,2129,3320,237236,479,2097152,16,group+chunk,1,3,240,237476,7.940894,7.919468,8.031064,10.830938,10.789300,10.874872,30
pow2,3,32,32768,32768,row_major,naive_dedup,sparse,aligned,4,16,512,450,32,1650,6688,351636,450,2097152,16,group+chunk,1,4,320,351956,8.120297,8.102984,8.154551,11.286278,11.239320,11.319600,30
pow2,3,32,32768,32768,row_major,naive_dedup,sparse,aligned,5,32,512,401,16,1200,12320,556956,401,2097152,16,group+chunk,1,5,400,557356,8.215697,8.197092,8.231176,12.024401,12.003616,12.055785,30
pow2,3,32,32768,32768,row_major,naive_dedup,sparse,aligned,6,64,512,325,8,799,20288,856596,325,2097152,16,group+chunk,1,6,480,857076,8.428264,8.424491,8.435442,13.206278,13.179526,13.252053,30
pow2,3,32,32768,32768,row_major,naive_dedup,sparse,aligned,7,128,512,224,4,474,28160,1154436,224,2097152,16,group+chunk,1,7,560,1154996,8.682930,8.677339,8.774798,14.283855,14.247518,14.340162,30
pow2,3,32,32768,32768,row_major,naive_dedup,sparse,aligned,8,256,512,124,2,250,31232,1264356,124,2097152,16,group+chunk,1,8,640,1264996,8.797220,8.757264,8.846007,14.652241,14.613543,14.691987,30
pow2,3,32,32768,32768,row_major,naive_dedup,sparse,aligned,9,512,512,64,1,126,32256,1297956,64,2097152,16,group+chunk,1,9,720,1298676,8.894533,8.866125,8.919225,14.789917,14.743073,14.828479,30
pow2,3,32,32768,32768,row_major,naive_dedup,sparse,aligned,10,1024,512,32,1,62,32256,1294116,32,2097152,16,group+chunk,1,10,800,1294916,8.948030,8.933637,9.071939,14.751188,14.708051,14.792817,30
pow2,3,32,32768,32768,row_major,naive_dedup,sparse,aligned,11,2048,512,16,1,30,32256,1292196,16,2097152,16,group+chunk,1,11,880,1293076,8.784365,8.778219,8.793919,14.726992,14.698309,14.764137,30
pow2,3,32,32768,32768,row_major,naive_dedup,sparse,aligned,12,4096,512,8,1,14,32256,1291236,8,2097152,16,group+chunk,1,12,960,1292196,8.843102,8.832566,8.857980,14.722824,14.683496,14.764353,30
pow2,3,32,32768,32768,row_major,canonical_pruned,sparse,aligned,0,1,512,512,512,2628,0,125716,512,2097152,16,wide+chunk,512,0,0,125716,8.048256,8.037686,8.109397,10.140205,10.073790,10.192369,30
pow2,3,32,32768,32768,row_major,canonical_pruned,sparse,aligned,1,2,512,508,256,2124,504,125556,508,2097152,16,wide+chunk,508,1,80,125636,7.997565,7.986515,8.088046,10.058471,10.033649,10.110003,30
pow2,3,32,32768,32768,row_major,canonical_pruned,sparse,aligned,2,4,512,501,128,1630,1492,145036,501,2097152,16,wide+chunk,501,2,160,145196,8.018675,7.982041,8.089088,10.139568,10.118959,10.218007,30
pow2,3,32,32768,32768,row_major,canonical_pruned,sparse,aligned,3,8,512,479,64,1173,3320,198996,479,2097152,16,wide+chunk,479,3,240,199236,7.991214,7.983619,8.083528,10.343609,10.309169,10.372629,30
pow2,3,32,32768,32768,row_major,canonical_pruned,sparse,aligned,4,16,512,450,32,752,6688,315716,450,2097152,16,wide+chunk,450,4,320,316036,8.041189,8.023044,8.053417,10.824731,10.793408,10.888642,30
pow2,3,32,32768,32768,row_major,canonical_pruned,sparse,aligned,5,32,512,401,16,400,12320,524956,401,2097152,16,wide+chunk,401,5,400,525356,8.208429,8.201105,8.234113,11.627131,11.604208,11.676845,30
pow2,3,32,32768,32768,row_major,canonical_pruned,sparse,aligned,6,64,512,325,8,151,20288,830676,325,2097152,16,wide+chunk,325,6,480,831156,8.413555,8.406552,8.422407,12.845326,12.826380,12.959692,30
pow2,3,32,32768,32768,row_major,canonical_pruned,sparse,aligned,7,128,512,224,4,28,28160,1136596,224,2097152,16,wide+chunk,224,7,560,1137156,8.814893,8.780117,8.849684,14.166330,14.109582,14.214424,30
pow2,3,32,32768,32768,row_major,canonical_pruned,sparse,aligned,8,256,512,124,2,4,31232,1254516,124,2097152,16,wide+chunk,124,8,640,1255156,8.785282,8.777237,8.821616,14.581322,14.545660,14.676868,30
pow2,3,32,32768,32768,row_major,canonical_pruned,sparse,aligned,9,512,512,64,1,0,32256,1292916,64,2097152,16,wide+chunk,64,9,720,1293636,8.841834,8.829005,8.871460,14.758046,14.723912,14.792185,30
pow2,3,32,32768,32768,row_major,canonical_pruned,sparse,aligned,10,1024,512,32,1,0,32256,1291636,32,2097152,16,wide+chunk,32,10,800,1292436,8.898200,8.891127,8.912357,14.728025,14.695513,14.859167,30
pow2,3,32,32768,32768,row_major,canonical_pruned,sparse,aligned,11,2048,512,16,1,0,32256,1290996,16,2097152,16,wide+chunk,16,11,880,1291876,8.821466,8.811000,8.838358,14.746434,14.702266,14.866861,30
pow2,3,32,32768,32768,row_major,canonical_pruned,sparse,aligned,12,4096,512,8,1,0,32256,1290676,8,2097152,16,wide+chunk,8,12,960,1291636,8.867318,8.851813,8.899072,14.699521,14.672249,14.771822,30
pow2,3,32,32768,32768,row_major,naive_dedup,sparse,offset,0,1,512,512,512,3650,0,166596,512,2097152,16,group+chunk,1,0,0,166596,7.775731,7.758179,7.817856,10.333921,10.329422,10.351033,30
pow2,3,32,32768,32768,row_major,naive_dedup,sparse,offset,1,2,512,508,256,3138,504,166116,508,2097152,16,group+chunk,1,1,80,166196,7.745600,7.735922,7.784643,10.359188,10.345728,10.390688,30
pow2,3,32,32768,32768,row_major,naive_dedup,sparse,offset,2,4,512,501,128,2630,1492,185036,501,2097152,16,group+chunk,1,2,160,185196,7.761239,7.757673,7.769740,10.438067,10.432737,10.470403,30
pow2,3,32,32768,32768,row_major,naive_dedup,sparse,offset,3,8,512,479,64,2129,3320,237236,479,2097152,16,group+chunk,1,3,240,237476,7.779253,7.771644,7.783782,10.625496,10.621268,10.632429,30
pow2,3,32,32768,32768,row_major,naive_dedup,sparse,offset,4,16,512,450,32,1650,6688,351636,450,2097152,16,group+chunk,1,4,320,351956,7.898619,7.883505,7.931230,11.111152,11.086406,11.240066,30
pow2,3,32,32768,32768,row_major,naive_dedup,sparse,offset,5,32,512,401,16,1200,12320,556956,401,2097152,16,group+chunk,1,5,400,557356,8.062829,8.058079,8.069872,11.870161,11.861284,11.881272,30
pow2,3,32,32768,32768,row_major,naive_dedup,sparse,offset,6,64,512,325,8,799,20288,856596,325,2097152,16,group+chunk,1,6,480,857076,8.333275,8.320455,8.351188,13.034623,13.021518,13.207755,30
pow2,3,32,32768,32768,row_major,naive_dedup,sparse,offset,7,128,512,224,4,474,28160,1154436,224,2097152,16,group+chunk,1,7,560,1154996,8.571168,8.567325,8.578883,14.189478,14.140972,14.444504,30
pow2,3,32,32768,32768,row_major,naive_dedup,sparse,offset,8,256,512,124,2,250,31232,1264356,124,2097152,16,group+chunk,1,8,640,1264996,8.672393,8.667310,8.679042,14.513840,14.505419,14.586633,30
pow2,3,32,32768,32768,row_major,naive_dedup,sparse,offset,9,512,512,64,1,126,32256,1297956,64,2097152,16,group+chunk,1,9,720,1298676,8.681026,8.677524,8.694656,14.673276,14.600810,14.903706,30
pow2,3,32,32768,32768,row_major,naive_dedup,sparse,offset,10,1024,512,32,1,62,32256,1294116,32,2097152,16,group+chunk,1,10,800,1294916,8.675565,8.672835,8.678451,14.570557,14.562055,14.728971,30
pow2,3,32,32768,32768,row_major,naive_dedup,sparse,offset,11,2048,512,16,1,30,32256,1292196,16,2097152,16,group+chunk,1,11,880,1293076,8.680315,8.668688,8.683099,14.582776,14.569385,14.811091,30
pow2,3,32,32768,32768,row_major,naive_dedup,sparse,offset,12,4096,512,8,1,14,32256,1291236,8,2097152,16,group+chunk,1,12,960,1292196,8.673421,8.670481,8.686856,14.561515,14.548511,14.585451,30
pow2,3,32,32768,32768,row_major,canonical_pruned,sparse,offset,0,1,512,512,512,2628,0,125716,512,2097152,16,wide+chunk,512,0,0,125716,7.941069,7.932272,7.973045,9.959599,9.949745,9.971110,30
pow2,3,32,32768,32768,row_major,canonical_pruned,sparse,offset,1,2,512,508,256,2124,504,125556,508,2097152,16,wide+chunk,508,1,80,125636,7.898499,7.892993,7.916894,9.938304,9.929327,9.953473,30
pow2,3,32,32768,32768,row_major,canonical_pruned,sparse,offset,2,4,512,501,128,1630,1492,145036,501,2097152,16,wide+chunk,501,2,160,145196,7.868382,7.858498,7.881887,9.997771,9.984952,10.013460,30
pow2,3,32,32768,32768,row_major,canonical_pruned,sparse,offset,3,8,512,479,64,1173,3320,198996,479,2097152,16,wide+chunk,479,3,240,199236,7.888034,7.860948,8.126193,10.187279,10.174574,10.215472,30
pow2,3,32,32768,32768,row_major,canonical_pruned,sparse,offset,4,16,512,450,32,752,6688,315716,450,2097152,16,wide+chunk,450,4,320,316036,7.985218,7.970419,7.994770,10.630040,10.618873,10.659109,30
pow2,3,32,32768,32768,row_major,canonical_pruned,sparse,offset,5,32,512,401,16,400,12320,524956,401,2097152,16,wide+chunk,401,5,400,525356,8.057198,8.047495,8.081173,11.445053,11.435565,11.462591,30
pow2,3,32,32768,32768,row_major,canonical_pruned,sparse,offset,6,64,512,325,8,151,20288,830676,325,2097152,16,wide+chunk,325,6,480,831156,8.292227,8.282433,8.368641,12.681807,12.671337,12.699281,30
pow2,3,32,32768,32768,row_major,canonical_pruned,sparse,offset,7,128,512,224,4,28,28160,1136596,224,2097152,16,wide+chunk,224,7,560,1137156,8.550174,8.533812,8.570231,13.904415,13.895623,13.918933,30
pow2,3,32,32768,32768,row_major,canonical_pruned,sparse,offset,8,256,512,124,2,4,31232,1254516,124,2097152,16,wide+chunk,124,8,640,1255156,8.679368,8.662241,8.713267,14.430478,14.411983,14.556852,30
pow2,3,32,32768,32768,row_major,canonical_pruned,sparse,offset,9,512,512,64,1,0,32256,1292916,64,2097152,16,wide+chunk,64,9,720,1293636,8.690323,8.683696,8.704986,14.566429,14.559582,14.582710,30
pow2,3,32,32768,32768,row_major,canonical_pruned,sparse,offset,10,1024,512,32,1,0,32256,1291636,32,2097152,16,wide+chunk,32,10,800,1292436,8.676196,8.670306,8.684898,14.575776,14.552312,14.824601,30
pow2,3,32,32768,32768,row_major,canonical_pruned,sparse,offset,11,2048,512,16,1,0,32256,1290996,16,2097152,16,wide+chunk,16,11,880,1291876,8.686066,8.663337,8.726025,14.558744,14.540045,14.650273,30
pow2,3,32,32768,32768,row_major,canonical_pruned,sparse,offset,12,4096,512,8,1,0,32256,1290676,8,2097152,16,wide+chunk,8,12,960,1291636,8.684237,8.677299,8.695453,14.545204,14.540265,14.557367,30
pow2,3,32,32768,32768,morton,naive_dedup,all,n/a,0,1,32768,32768,32768,65534,0,3932196,32768,134217728,16,group+chunk,1,0,0,3932196,9.294709,9.270509,9.309517,180.771490,180.689565,180.837259,30
pow2,3,32,32768,32768,morton,naive_dedup,all,n/a,1,2,32768,16384,16384,32766,0,1966116,16384,134217728,16,group+chunk,1,1,80,1966196,5.566141,5.559183,5.572178,146.117299,145.584854,146.391352,30
pow2,3,32,32768,32768,morton,naive_dedup,all,n/a,2,4,32768,8192,8192,16382,0,983076,8192,134217728,16,group+chunk,1,2,160,983236,3.757177,3.752277,3.770066,128.418171,128.360032,128.492908,30
pow2,3,32,32768,32768,morton,naive_dedup,all,n/a,3,8,32768,4096,4096,8190,0,491556,4096,134217728,16,group+chunk,1,3,240,491796,2.918999,2.912859,2.926595,120.767441,120.670083,120.883465,30
pow2,3,32,32768,32768,morton,naive_dedup,all,n/a,4,16,32768,2048,2048,4094,0,245796,2048,134217728,16,group+chunk,1,4,320,246116,2.554386,2.548510,2.558283,117.239592,117.207331,117.358671,30
pow2,3,32,32768,32768,morton,naive_dedup,all,n/a,5,32,32768,1024,1024,2046,0,122916,1024,134217728,16,group+chunk,1,5,400,123316,2.368100,2.364173,2.371872,115.675570,115.594898,115.740347,30
pow2,3,32,32768,32768,morton,naive_dedup,all,n/a,6,64,32768,512,512,1022,0,61476,512,134217728,16,group+chunk,1,6,480,61956,2.269569,2.263362,2.275049,114.998918,114.940823,115.036869,30
pow2,3,32,32768,32768,morton,naive_dedup,all,n/a,7,128,32768,256,256,510,0,30756,256,134217728,16,group+chunk,1,7,560,31316,2.227680,2.226187,2.233460,114.557094,114.494355,114.662117,30
pow2,3,32,32768,32768,morton,naive_dedup,all,n/a,8,256,32768,128,128,254,0,15396,128,134217728,16,group+chunk,1,8,640,16036,2.215687,2.213473,2.219374,114.327620,114.293281,114.476662,30
pow2,3,32,32768,32768,morton,naive_dedup,all,n/a,9,512,32768,64,64,126,0,7716,64,134217728,16,group+chunk,1,9,720,8436,2.210503,2.207116,2.212852,114.299593,114.192545,114.395765,30
pow2,3,32,32768,32768,morton,naive_dedup,all,n/a,10,1024,32768,32,32,62,0,3876,32,134217728,16,group+chunk,1,10,800,4676,2.207076,2.204932,2.214114,114.342258,114.271018,114.434898,30
pow2,3,32,32768,32768,morton,naive_dedup,all,n/a,11,2048,32768,16,16,30,0,1956,16,134217728,16,group+chunk,1,11,880,2836,2.201630,2.200538,2.203960,114.352192,114.263415,114.495643,30
pow2,3,32,32768,32768,morton,naive_dedup,all,n/a,12,4096,32768,8,8,14,0,996,8,134217728,16,group+chunk,1,12,960,1956,2.201430,2.198585,2.206259,114.356210,114.272255,114.444155,30
pow2,3,32,32768,32768,morton,canonical_pruned,all,n/a,0,1,32768,32768,32768,0,0,1310836,32768,134217728,16,wide+chunk,32768,0,0,1310836,5.435625,5.429434,5.443600,118.233573,118.124567,118.333401,30
pow2,3,32,32768,32768,morton,canonical_pruned,all,n/a,1,2,32768,16384,16384,0,0,655476,16384,134217728,16,wide+chunk,16384,1,80,655556,3.948097,3.943448,3.951047,116.393821,116.282335,116.484797,30
pow2,3,32,32768,32768,morton,canonical_pruned,all,n/a,2,4,32768,8192,8192,0,0,327796,8192,134217728,16,wide+chunk,8192,2,160,327956,3.067816,3.059771,3.074804,115.547534,115.427762,115.636346,30
pow2,3,32,32768,32768,morton,canonical_pruned,all,n/a,3,8,32768,4096,4096,0,0,163956,4096,134217728,16,wide+chunk,4096,3,240,164196,2.638857,2.634097,2.641892,114.903768,114.781663,114.996663,30
pow2,3,32,32768,32768,morton,canonical_pruned,all,n/a,4,16,32768,2048,2048,0,0,82036,2048,134217728,16,wide+chunk,2048,4,320,82356,2.424806,2.421350,2.429025,114.730196,114.614613,114.775321,30
pow2,3,32,32768,32768,morton,canonical_pruned,all,n/a,5,32,32768,1024,1024,0,0,41076,1024,134217728,16,wide+chunk,1024,5,400,41476,2.316348,2.312229,2.323771,114.440609,114.388360,114.519754,30
pow2,3,32,32768,32768,morton,canonical_pruned,all,n/a,6,64,32768,512,512,0,0,20596,512,134217728,16,wide+chunk,512,6,480,21076,2.270430,2.267169,2.275019,114.513711,114.407787,114.565856,30
pow2,3,32,32768,32768,morton,canonical_pruned,all,n/a,7,128,32768,256,256,0,0,10356,256,134217728,16,wide+chunk,256,7,560,10916,2.237574,2.231733,2.242578,114.248832,114.150632,114.425170,30
pow2,3,32,32768,32768,morton,canonical_pruned,all,n/a,8,256,32768,128,128,0,0,5236,128,134217728,16,wide+chunk,128,8,640,5876,2.226052,2.222580,2.231593,114.381898,114.292119,114.530549,30
pow2,3,32,32768,32768,morton,canonical_pruned,all,n/a,9,512,32768,64,64,0,0,2676,64,134217728,16,wide+chunk,64,9,720,3396,2.216609,2.212506,2.223587,114.404711,114.303129,114.513577,30
pow2,3,32,32768,32768,morton,canonical_pruned,all,n/a,10,1024,32768,32,32,0,0,1396,32,134217728,16,wide+chunk,32,10,800,2196,2.214370,2.208975,2.217926,115.616313,115.446713,115.894398,30
pow2,3,32,32768,32768,morton,canonical_pruned,all,n/a,11,2048,32768,16,16,0,0,756,16,134217728,16,wide+chunk,16,11,880,1636,2.227304,2.223372,2.232324,115.540796,115.440116,115.622590,30
pow2,3,32,32768,32768,morton,canonical_pruned,all,n/a,12,4096,32768,8,8,0,0,436,8,134217728,16,wide+chunk,8,12,960,1396,2.339446,2.324237,2.348162,122.506679,121.485977,122.592791,30
pow2,3,32,32768,32768,morton,naive_dedup,block,aligned,0,1,512,512,512,1028,0,61716,512,2097152,16,group+chunk,1,0,0,61716,0.111786,0.110358,0.113745,2.876985,2.870077,2.884109,30
pow2,3,32,32768,32768,morton,naive_dedup,block,aligned,1,2,512,256,256,516,0,30996,256,2097152,16,group+chunk,1,1,80,31076,0.065618,0.063780,0.070538,2.314028,2.307621,2.316773,30
pow2,3,32,32768,32768,morton,naive_dedup,block,aligned,2,4,512,128,128,260,0,15636,128,2097152,16,group+chunk,1,2,160,15796,0.047600,0.047109,0.048312,2.041233,2.040115,2.042390,30
pow2,3,32,32768,32768,morton,naive_dedup,block,aligned,3,8,512,64,64,132,0,7956,64,2097152,16,group+chunk,1,3,240,8196,0.040983,0.040376,0.044594,1.921231,1.919613,1.922529,30
pow2,3,32,32768,32768,morton,naive_dedup,block,aligned,4,16,512,32,32,68,0,4116,32,2097152,16,group+chunk,1,4,320,4436,0.038297,0.038052,0.039709,1.860131,1.859259,1.860783,30
pow2,3,32,32768,32768,morton,naive_dedup,block,aligned,5,32,512,16,16,36,0,2196,16,2097152,16,group+chunk,1,5,400,2596,0.036689,0.036549,0.037130,1.834102,1.833200,1.835515,30
pow2,3,32,32768,32768,morton,naive_dedup,block,aligned,6,64,512,8,8,20,0,1236,8,2097152,16,group+chunk,1,6,480,1716,0.036423,0.035993,0.041338,1.823857,1.823116,1.825030,30
pow2,3,32,32768,32768,morton,naive_dedup,block,aligned,7,128,512,4,4,12,0,756,4,2097152,16,group+chunk,1,7,560,1316,0.035692,0.035602,0.036549,1.816814,1.815918,1.818137,30
pow2,3,32,32768,32768,morton,naive_dedup,block,aligned,8,256,512,2,2,8,0,516,2,2097152,16,group+chunk,1,8,640,1156,0.035477,0.035292,0.036414,1.816784,1.814089,1.818733,30
pow2,3,32,32768,32768,morton,naive_dedup,block,aligned,9,512,512,1,1,6,0,396,1,2097152,16,group+chunk,1,9,720,1116,0.035292,0.035132,0.035662,1.813083,1.811714,1.815832,30
pow2,3,32,32768,32768,morton,naive_dedup,block,aligned,10,1024,512,1,1,5,512,20836,1,2097152,16,group+chunk,1,10,800,21636,0.047935,0.047805,0.048191,1.891200,1.889833,1.893404,30
pow2,3,32,32768,32768,morton,naive_dedup,block,aligned,11,2048,512,1,1,4,1536,61756,1,2097152,16,group+chunk,1,11,880,62636,0.075478,0.074541,0.076745,2.047399,2.045330,2.050746,30
pow2,3,32,32768,32768,morton,naive_dedup,block,aligned,12,4096,512,1,1,3,3584,143636,1,2097152,16,group+chunk,1,12,960,144596,0.145369,0.144909,0.145935,2.406437,2.403526,2.410049,30
pow2,3,32,32768,32768,morton,canonical_pruned,block,aligned,0,1,512,512,512,6,0,20836,512,2097152,16,wide+chunk,512,0,0,20836,0.066786,0.064432,0.069962,1.859420,1.857120,1.863678,30
pow2,3,32,32768,32768,morton,canonical_pruned,block,aligned,1,2,512,256,256,6,0,10596,256,2097152,16,wide+chunk,256,1,80,10676,0.049594,0.049133,0.051263,1.835354,1.834678,1.839712,30
pow2,3,32,32768,32768,morton,canonical_pruned,block,aligned,2,4,512,128,128,6,0,5476,128,2097152,16,wide+chunk,128,2,160,5636,0.041870,0.041749,0.042250,1.838059,1.831187,1.845077,30
pow2,3,32,32768,32768,morton,canonical_pruned,block,aligned,3,8,512,64,64,6,0,2916,64,2097152,16,wide+chunk,64,3,240,3156,0.038958,0.038814,0.039214,1.826012,1.822890,1.828361,30
pow2,3,32,32768,32768,morton,canonical_pruned,block,aligned,4,16,512,32,32,6,0,1636,32,2097152,16,wide+chunk,32,4,320,1956,0.037651,0.037396,0.039685,1.825291,1.821543,1.828396,30
pow2,3,32,32768,32768,morton,canonical_pruned,block,aligned,5,32,512,16,16,6,0,996,16,2097152,16,wide+chunk,16,5,400,1396,0.036799,0.036504,0.038137,1.824615,1.820296,1.826668,30
pow2,3,32,32768,32768,morton,canonical_pruned,block,aligned,6,64,512,8,8,6,0,676,8,2097152,16,wide+chunk,8,6,480,1156,0.036103,0.036023,0.036309,1.818588,1.817110,1.820777,30
pow2,3,32,32768,32768,morton,canonical_pruned,block,aligned,7,128,512,4,4,6,0,516,4,2097152,16,wide+chunk,4,7,560,1076,0.035993,0.035903,0.036464,1.821754,1.819715,1.826042,30
pow2,3,32,32768,32768,morton,canonical_pruned,block,aligned,8,256,512,2,2,6,0,436,2,2097152,16,wide+chunk,2,8,640,1076,0.035903,0.035657,0.036098,1.814214,1.813213,1.815602,30
pow2,3,32,32768,32768,morton,canonical_pruned,block,aligned,9,512,512,1,1,6,0,396,1,2097152,16,group+chunk,1,9,720,1116,0.035808,0.035632,0.037115,1.814830,1.813438,1.816634,30
pow2,3,32,32768,32768,morton,canonical_pruned,block,aligned,10,1024,512,1,1,5,512,20836,1,2097152,16,group+chunk,1,10,800,21636,0.048862,0.048662,0.049593,1.892141,1.891535,1.895854,30
pow2,3,32,32768,32768,morton,canonical_pruned,block,aligned,11,2048,512,1,1,4,1536,61756,1,2097152,16,group+chunk,1,11,880,62636,0.076444,0.075292,0.077551,2.058706,2.048056,2.063771,30
pow2,3,32,32768,32768,morton,canonical_pruned,block,aligned,12,4096,512,1,1,3,3584,143636,1,2097152,16,group+chunk,1,12,960,144596,0.145194,0.144327,0.145831,2.401142,2.398477,2.403612,30
pow2,3,32,32768,32768,morton,naive_dedup,block,offset,0,1,512,512,512,1372,0,75476,512,2097152,16,group+chunk,1,0,0,75476,0.138682,0.137108,0.141046,2.882500,2.881488,2.886378,30
pow2,3,32,32768,32768,morton,naive_dedup,block,offset,1,2,512,320,256,860,128,52436,320,2097152,16,group+chunk,1,1,80,52516,0.093901,0.092716,0.097208,2.463571,2.461552,2.465689,30
pow2,3,32,32768,32768,morton,naive_dedup,block,offset,2,4,512,200,128,540,288,41236,200,2097152,16,group+chunk,1,2,160,41396,0.073038,0.071840,0.075032,2.231807,2.229739,2.232964,30
pow2,3,32,32768,32768,morton,naive_dedup,block,offset,3,8,512,125,64,340,488,38236,125,2097152,16,group+chunk,1,3,240,38476,0.064787,0.063631,0.065794,2.105469,2.103155,2.107252,30
pow2,3,32,32768,32768,morton,naive_dedup,block,offset,4,16,512,75,32,215,688,39236,75,2097152,16,group+chunk,1,4,320,39556,0.063695,0.062538,0.066956,2.043521,2.041463,2.044850,30
pow2,3,32,32768,32768,morton,naive_dedup,block,offset,5,32,512,45,16,140,928,44636,45,2097152,16,group+chunk,1,5,400,45036,0.066219,0.065013,0.068475,2.033864,2.030663,2.036479,30
pow2,3,32,32768,32768,morton,naive_dedup,block,offset,6,64,512,27,8,95,1216,53636,27,2097152,16,group+chunk,1,6,480,54116,0.072301,0.071986,0.072913,2.043267,2.041303,2.045461,30
pow2,3,32,32768,32768,morton,naive_dedup,block,offset,7,128,512,18,4,68,1792,75236,18,2097152,16,group+chunk,1,7,560,75796,0.093431,0.091672,0.095350,2.140059,2.136212,2.142108,30
pow2,3,32,32768,32768,morton,naive_dedup,block,offset,8,256,512,12,2,50,2560,104996,12,2097152,16,group+chunk,1,8,640,105636,0.118869,0.117617,0.120057,2.262135,2.260381,2.265096,30
pow2,3,32,32768,32768,morton,naive_dedup,block,offset,9,512,512,8,1,38,3584,145316,8,2097152,16,group+chunk,1,9,720,146036,0.154832,0.154271,0.156014,2.433774,2.431700,2.434455,30
pow2,3,32,32768,32768,morton,naive_dedup,block,offset,10,1024,512,8,1,30,7680,308836,8,2097152,16,group+chunk,1,10,800,309636,0.297236,0.295924,0.298248,3.092001,3.078791,3.116803,30
pow2,3,32,32768,32768,morton,naive_dedup,block,offset,11,2048,512,8,1,22,15872,636196,8,2097152,16,group+chunk,1,11,880,637076,0.592669,0.591927,0.593956,4.505263,4.502012,4.509251,30
pow2,3,32,32768,32768,morton,naive_dedup,block,offset,12,4096,512,8,1,14,32256,1291236,8,2097152,16,group+chunk,1,12,960,1292196,1.210755,1.207980,1.211948,7.367907,7.362512,7.376238,30
pow2,3,32,32768,32768,morton,canonical_pruned,block,offset,0,1,512,512,512,350,0,34596,512,2097152,16,wide+chunk,512,0,0,34596,0.114556,0.113484,0.117261,1.945843,1.943448,1.950025,30
pow2,3,32,32768,32768,morton,canonical_pruned,block,offset,1,2,512,320,256,222,128,26916,320,2097152,16,wide+chunk,320,1,80,26996,0.083983,0.082386,0.086639,1.912775,1.908552,1.915921,30
pow2,3,32,32768,32768,morton,canonical_pruned,block,offset,2,4,512,200,128,142,288,25316,200,2097152,16,wide+chunk,200,2,160,25476,0.063400,0.061646,0.066841,1.909830,1.907952,1.911679,30
pow2,3,32,32768,32768,morton,canonical_pruned,block,offset,3,8,512,125,64,92,488,28316,125,2097152,16,wide+chunk,125,3,240,28556,0.060900,0.059352,0.062113,1.929512,1.927043,1.933284,30
pow2,3,32,32768,32768,morton,canonical_pruned,block,offset,4,16,512,75,32,67,688,33316,75,2097152,16,wide+chunk,75,4,320,33636,0.064447,0.060976,0.066931,1.935939,1.935168,1.943027,30
pow2,3,32,32768,32768,morton,canonical_pruned,block,offset,5,32,512,45,16,52,928,41116,45,2097152,16,wide+chunk,45,5,400,41516,0.067192,0.066275,0.069571,1.975168,1.972082,1.980023,30
pow2,3,32,32768,32768,morton,canonical_pruned,block,offset,6,64,512,27,8,43,1216,51556,27,2097152,16,wide+chunk,27,6,480,52036,0.076274,0.075437,0.077947,2.041584,2.040913,2.044729,30
pow2,3,32,32768,32768,morton,canonical_pruned,block,offset,7,128,512,18,4,34,1792,73876,18,2097152,16,wide+chunk,18,7,560,74436,0.094393,0.093396,0.095395,2.126248,2.123077,2.133998,30
pow2,3,32,32768,32768,morton,canonical_pruned,block,offset,8,256,512,12,2,28,2560,104116,12,2097152,16,wide+chunk,12,8,640,104756,0.121068,0.120328,0.122661,2.278421,2.276412,2.280249,30
pow2,3,32,32768,32768,morton,canonical_pruned,block,offset,9,512,512,8,1,24,3584,144756,8,2097152,16,wide+chunk,8,9,720,145476,0.156681,0.155503,0.158304,2.455114,2.452859,2.457660,30
pow2,3,32,32768,32768,morton,canonical_pruned,block,offset,10,1024,512,8,1,16,7680,308276,8,2097152,16,wide+chunk,8,10,800,309076,0.302541,0.301810,0.303503,3.157315,3.154314,3.159789,30
pow2,3,32,32768,32768,morton,canonical_pruned,block,offset,11,2048,512,8,1,8,15872,635636,8,2097152,16,wide+chunk,8,11,880,636516,0.602627,0.600318,0.603990,4.563980,4.560052,4.569084,30
pow2,3,32,32768,32768,morton,canonical_pruned,block,offset,12,4096,512,8,1,0,32256,1290676,8,2097152,16,wide+chunk,8,12,960,1291636,1.222206,1.220279,1.224827,7.449130,7.441055,7.461975,30
pow2,3,32,32768,32768,morton,naive_dedup,strided,aligned,0,1,512,512,512,1160,0,66996,512,2097152,16,group+chunk,1,0,0,66996,0.321006,0.319763,0.322188,3.094826,3.091460,3.104720,30
pow2,3,32,32768,32768,morton,naive_dedup,strided,aligned,1,2,512,256,256,648,0,36276,256,2097152,16,group+chunk,1,1,80,36356,0.270436,0.267741,0.272614,2.517963,2.515679,2.522371,30
pow2,3,32,32768,32768,morton,naive_dedup,strided,aligned,2,4,512,128,128,392,0,20916,128,2097152,16,group+chunk,1,2,160,21076,0.240559,0.239978,0.242097,2.258282,2.253589,2.261589,30
pow2,3,32,32768,32768,morton,naive_dedup,strided,aligned,3,8,512,128,64,264,512,36276,128,2097152,16,group+chunk,1,3,240,36516,0.258648,0.257551,0.262971,2.322624,2.320640,2.325139,30
pow2,3,32,32768,32768,morton,naive_dedup,strided,aligned,4,16,512,64,32,136,512,28596,64,2097152,16,group+chunk,1,4,320,28916,0.248675,0.247076,0.251079,2.206605,2.204531,2.209580,30
pow2,3,32,32768,32768,morton,naive_dedup,strided,aligned,5,32,512,32,16,72,512,24756,32,2097152,16,group+chunk,1,5,400,25156,0.244352,0.242778,0.246040,2.146476,2.144233,2.148760,30
pow2,3,32,32768,32768,morton,naive_dedup,strided,aligned,6,64,512,16,8,40,512,22836,16,2097152,16,group+chunk,1,6,480,23316,0.243284,0.242107,0.249881,2.129915,2.126409,2.131393,30
pow2,3,32,32768,32768,morton,naive_dedup,strided,aligned,7,128,512,8,4,24,512,21876,8,2097152,16,group+chunk,1,7,560,22436,0.240428,0.239973,0.242668,2.108505,2.106410,2.109678,30
pow2,3,32,32768,32768,morton,naive_dedup,strided,aligned,8,256,512,4,2,16,512,21396,4,2097152,16,group+chunk,1,8,640,22036,0.240499,0.239372,0.242548,2.095716,2.094594,2.099603,30
pow2,3,32,32768,32768,morton,naive_dedup,strided,aligned,9,512,512,2,1,12,512,21156,2,2097152,16,group+chunk,1,9,720,21876,0.240934,0.239933,0.242768,2.112273,2.107382,2.113935,30
pow2,3,32,32768,32768,morton,naive_dedup,strided,aligned,10,1024,512,2,1,10,1536,62036,2,2097152,16,group+chunk,1,10,800,62836,0.273015,0.271622,0.273973,2.265556,2.260933,2.273156,30
pow2,3,32,32768,32768,morton,naive_dedup,strided,aligned,11,2048,512,2,1,8,3584,143876,2,2097152,16,group+chunk,1,11,880,144756,0.340102,0.339130,0.341249,2.585947,2.582759,2.587188,30
pow2,3,32,32768,32768,morton,naive_dedup,strided,aligned,12,4096,512,2,1,6,7680,307636,2,2097152,16,group+chunk,1,12,960,308596,0.488942,0.487690,0.490016,3.323393,3.321138,3.325547,30
pow2,3,32,32768,32768,morton,canonical_pruned,strided,aligned,0,1,512,512,512,138,0,26116,512,2097152,16,wide+chunk,512,0,0,26116,0.283219,0.282663,0.285690,2.086083,2.083533,2.091528,30
pow2,3,32,32768,32768,morton,canonical_pruned,strided,aligned,1,2,512,256,256,138,0,15876,256,2097152,16,wide+chunk,256,1,80,15956,0.254957,0.252887,0.258203,2.061110,2.055946,2.066822,30
pow2,3,32,32768,32768,morton,canonical_pruned,strided,aligned,2,4,512,128,128,138,0,10756,128,2097152,16,wide+chunk,128,2,160,10916,0.243841,0.241681,0.247327,2.043642,2.042195,2.046569,30
pow2,3,32,32768,32768,morton,canonical_pruned,strided,aligned,3,8,512,128,64,10,512,26116,128,2097152,16,wide+chunk,128,3,240,26356,0.250599,0.249957,0.253779,2.105729,2.101812,2.109797,30
pow2,3,32,32768,32768,morton,canonical_pruned,strided,aligned,4,16,512,64,32,10,512,23556,64,2097152,16,wide+chunk,64,4,320,23876,0.242864,0.241731,0.244661,2.092354,2.088342,2.095109,30
pow2,3,32,32768,32768,morton,canonical_pruned,strided,aligned,5,32,512,32,16,10,512,22276,32,2097152,16,wide+chunk,32,5,400,22676,0.244026,0.243404,0.245293,2.105760,2.101116,2.111581,30
pow2,3,32,32768,32768,morton,canonical_pruned,strided,aligned,6,64,512,16,8,10,512,21636,16,2097152,16,wide+chunk,16,6,480,22116,0.240899,0.239878,0.242959,2.102754,2.098380,2.103986,30
pow2,3,32,32768,32768,morton,canonical_pruned,strided,aligned,7,128,512,8,4,10,512,21316,8,2097152,16,wide+chunk,8,7,560,21876,0.239767,0.238932,0.242853,2.101537,2.095180,2.105930,30
pow2,3,32,32768,32768,morton,canonical_pruned,strided,aligned,8,256,512,4,2,10,512,21156,4,2097152,16,wide+chunk,4,8,640,21796,0.236306,0.234593,0.241211,2.069622,2.063970,2.090175,30
pow2,3,32,32768,32768,morton,canonical_pruned,strided,aligned,9,512,512,2,1,10,512,21076,2,2097152,16,wide+chunk,2,9,720,21796,0.238175,0.236336,0.239427,2.062388,2.060465,2.066055,30
pow2,3,32,32768,32768,morton,canonical_pruned,strided,aligned,10,1024,512,2,1,8,1536,61956,2,2097152,16,wide+chunk,2,10,800,62756,0.272680,0.271382,0.273932,2.240559,2.236842,2.243525,30
pow2,3,32,32768,32768,morton,canonical_pruned,strided,aligned,11,2048,512,2,1,6,3584,143796,2,2097152,16,wide+chunk,2,11,880,144676,0.340137,0.339110,0.340939,2.586552,2.585039,2.589658,30
pow2,3,32,32768,32768,morton,canonical_pruned,strided,aligned,12,4096,512,2,1,4,7680,307556,2,2097152,16,wide+chunk,2,12,960,308516,0.484158,0.482275,0.487205,3.276134,3.271265,3.279661,30
pow2,3,32,32768,32768,morton,naive_dedup,strided,offset,0,1,512,512,512,1550,0,82596,512,2097152,16,group+chunk,1,0,0,82596,0.348974,0.347631,0.350917,3.040139,3.038581,3.044136,30
pow2,3,32,32768,32768,morton,naive_dedup,strided,offset,1,2,512,320,256,1038,128,59556,320,2097152,16,group+chunk,1,1,80,59636,0.305321,0.304124,0.309865,2.624704,2.621799,2.627479,30
pow2,3,32,32768,32768,morton,naive_dedup,strided,offset,2,4,512,200,128,718,288,48356,200,2097152,16,group+chunk,1,2,160,48516,0.277910,0.275876,0.280520,2.393522,2.390999,2.398121,30
pow2,3,32,32768,32768,morton,naive_dedup,strided,offset,3,8,512,200,64,518,1088,72356,200,2097152,16,group+chunk,1,3,240,72596,0.302106,0.300803,0.305372,2.506927,2.503746,2.513184,30
pow2,3,32,32768,32768,morton,naive_dedup,strided,offset,4,16,512,120,32,318,1408,73956,120,2097152,16,group+chunk,1,4,320,74276,0.295538,0.293459,0.296569,2.410109,2.406642,2.420819,30
pow2,3,32,32768,32768,morton,naive_dedup,strided,offset,5,32,512,72,16,198,1792,82596,72,2097152,16,group+chunk,1,5,400,82996,0.296795,0.295883,0.298007,2.386760,2.384937,2.390677,30
pow2,3,32,32768,32768,morton,naive_dedup,strided,offset,6,64,512,36,8,126,1792,78276,36,2097152,16,group+chunk,1,6,480,78756,0.292507,0.290639,0.294065,2.333604,2.330950,2.338610,30
pow2,3,32,32768,32768,morton,naive_dedup,strided,offset,7,128,512,24,4,90,2560,107076,24,2097152,16,group+chunk,1,7,560,107636,0.315245,0.314503,0.315907,2.441143,2.439886,2.443522,30
pow2,3,32,32768,32768,morton,naive_dedup,strided,offset,8,256,512,16,2,66,3584,146756,16,2097152,16,group+chunk,1,8,640,147396,0.347686,0.345658,0.350757,2.602803,2.599261,2.605182,30
pow2,3,32,32768,32768,morton,naive_dedup,strided,offset,9,512,512,12,1,50,5632,227876,12,2097152,16,group+chunk,1,9,720,228596,0.419261,0.417212,0.420123,2.939258,2.937735,2.941287,30
pow2,3,32,32768,32768,morton,naive_dedup,strided,offset,10,1024,512,12,1,38,11776,473156,12,2097152,16,group+chunk,1,10,800,473956,0.635946,0.632930,0.638966,3.966883,3.962499,3.976150,30
pow2,3,32,32768,32768,morton,naive_dedup,strided,offset,11,2048,512,12,1,26,24064,964196,12,2097152,16,group+chunk,1,11,880,965076,1.093961,1.091776,1.098594,6.185099,6.169846,6.198870,30
pow2,3,32,32768,32768,morton,naive_dedup,strided,offset,12,4096,512,8,1,14,32256,1291236,8,2097152,16,group+chunk,1,12,960,1292196,1.399242,1.395935,1.407643,7.583338,7.574026,7.595356,30
pow2,3,32,32768,32768,morton,canonical_pruned,strided,offset,0,1,512,512,512,528,0,41716,512,2097152,16,wide+chunk,512,0,0,41716,0.333851,0.332763,0.336235,2.156210,2.151932,2.163183,30
pow2,3,32,32768,32768,morton,canonical_pruned,strided,offset,1,2,512,320,256,400,128,34036,320,2097152,16,wide+chunk,320,1,80,34116,0.304360,0.303347,0.305852,2.129770,2.128568,2.134248,30
pow2,3,32,32768,32768,morton,canonical_pruned,strided,offset,2,4,512,200,128,320,288,32436,200,2097152,16,wide+chunk,200,2,160,32596,0.285834,0.284812,0.287187,2.128308,2.125517,2.130301,30
pow2,3,32,32768,32768,morton,canonical_pruned,strided,offset,3,8,512,200,64,120,1088,56436,200,2097152,16,wide+chunk,200,3,240,56676,0.294356,0.293319,0.295508,2.225015,2.223161,2.226854,30
pow2,3,32,32768,32768,morton,canonical_pruned,strided,offset,4,16,512,120,32,80,1408,64436,120,2097152,16,wide+chunk,120,4,320,64756,0.291796,0.290238,0.292983,2.257461,2.255136,2.261218,30
pow2,3,32,32768,32768,morton,canonical_pruned,strided,offset,5,32,512,72,16,56,1792,76916,72,2097152,16,wide+chunk,72,5,400,77316,0.299361,0.297111,0.301885,2.319463,2.316318,2.325915,30
pow2,3,32,32768,32768,morton,canonical_pruned,strided,offset,6,64,512,36,8,56,1792,75476,36,2097152,16,wide+chunk,36,6,480,75956,0.292748,0.291575,0.294121,2.305868,2.303899,2.312460,30
pow2,3,32,32768,32768,morton,canonical_pruned,strided,offset,7,128,512,24,4,44,2560,105236,24,2097152,16,wide+chunk,24,7,560,105796,0.316507,0.315511,0.317264,2.430027,2.429020,2.433454,30
pow2,3,32,32768,32768,morton,canonical_pruned,strided,offset,8,256,512,16,2,36,3584,145556,16,2097152,16,wide+chunk,16,8,640,146196,0.349384,0.348928,0.351949,2.601150,2.595420,2.604897,30
pow2,3,32,32768,32768,morton,canonical_pruned,strided,offset,9,512,512,12,1,28,5632,226996,12,2097152,16,wide+chunk,12,9,720,227716,0.420824,0.419266,0.422908,2.948315,2.943501,2.954556,30
pow2,3,32,32768,32768,morton,canonical_pruned,strided,offset,10,1024,512,12,1,16,11776,472276,12,2097152,16,wide+chunk,12,10,800,473076,0.638014,0.636161,0.642147,4.008366,3.998848,4.032441,30
pow2,3,32,32768,32768,morton,canonical_pruned,strided,offset,11,2048,512,12,1,4,24064,963316,12,2097152,16,wide+chunk,12,11,880,964196,1.068737,1.065516,1.074718,6.082040,6.068875,6.089449,30
pow2,3,32,32768,32768,morton,canonical_pruned,strided,offset,12,4096,512,8,1,0,32256,1290676,8,2097152,16,wide+chunk,8,12,960,1291636,1.382219,1.373452,1.403550,7.524072,7.513793,7.535749,30
pow2,3,32,32768,32768,morton,naive_dedup,sparse,aligned,0,1,512,512,512,3674,0,167556,512,2097152,16,group+chunk,1,0,0,167556,8.274619,8.268847,8.296885,11.053494,11.020005,11.166722,30
pow2,3,32,32768,32768,morton,naive_dedup,sparse,aligned,1,2,512,511,256,3162,510,167436,511,2097152,16,group+chunk,1,1,80,167516,8.286706,8.246215,8.431535,10.995214,10.961580,11.036075,30
pow2,3,32,32768,32768,morton,naive_dedup,sparse,aligned,2,4,512,506,128,2651,1512,186876,506,2097152,16,group+chunk,1,2,160,187036,7.993638,7.964283,8.205498,10.786900,10.751288,10.909812,30
pow2,3,32,32768,32768,morton,naive_dedup,sparse,aligned,3,8,512,490,64,2145,3408,241836,490,2097152,16,group+chunk,1,3,240,242076,8.004313,7.987076,8.032517,10.936848,10.914060,10.960213,30
pow2,3,32,32768,32768,morton,naive_dedup,sparse,aligned,4,16,512,453,32,1655,6736,353876,453,2097152,16,group+chunk,1,4,320,354196,8.070549,8.055545,8.107112,11.404591,11.363399,11.529527,30
pow2,3,32,32768,32768,morton,naive_dedup,sparse,aligned,5,32,512,399,16,1202,12256,554396,399,2097152,16,group+chunk,1,5,400,554796,8.248800,8.223437,8.374527,12.163764,12.132911,12.287738,30
pow2,3,32,32768,32768,morton,naive_dedup,sparse,aligned,6,64,512,325,8,803,20288,856756,325,2097152,16,group+chunk,1,6,480,857236,8.557347,8.476885,8.603895,13.334799,13.300891,13.408199,30
pow2,3,32,32768,32768,morton,naive_dedup,sparse,aligned,7,128,512,225,4,478,28288,1159756,225,2097152,16,group+chunk,1,7,560,1160316,8.751769,8.725910,8.764318,14.412088,14.395391,14.471596,30
pow2,3,32,32768,32768,morton,naive_dedup,sparse,aligned,8,256,512,127,2,253,32000,1295316,127,2097152,16,group+chunk,1,8,640,1295956,8.944724,8.916035,9.061929,14.929205,14.897479,14.994818,30
pow2,3,32,32768,32768,morton,naive_dedup,sparse,aligned,9,512,512,64,1,126,32256,1297956,64,2097152,16,group+chunk,1,9,720,1298676,8.954737,8.860891,9.449857,14.930331,14.865659,15.074554,30
pow2,3,32,32768,32768,morton,naive_dedup,sparse,aligned,10,1024,512,32,1,62,32256,1294116,32,2097152,16,group+chunk,1,10,800,1294916,8.911966,8.861491,9.029223,14.866587,14.822252,14.900855,30
pow2,3,32,32768,32768,morton,naive_dedup,sparse,aligned,11,2048,512,16,1,30,32256,1292196,16,2097152,16,group+chunk,1,11,880,1293076,8.884771,8.816907,8.970387,14.866456,14.820149,14.966856,30
pow2,3,32,32768,32768,morton,naive_dedup,sparse,aligned,12,4096,512,8,1,14,32256,1291236,8,2097152,16,group+chunk,1,12,960,1292196,8.921956,8.888217,8.952818,14.842987,14.804854,15.495142,30
pow2,3,32,32768,32768,morton,canonical_pruned,sparse,aligned,0,1,512,512,512,2652,0,126676,512,2097152,16,wide+chunk,512,0,0,126676,8.070653,8.064852,8.182465,10.191923,10.176007,10.328074,30
pow2,3,32,32768,32768,morton,canonical_pruned,sparse,aligned,1,2,512,511,256,2142,510,126636,511,2097152,16,wide+chunk,511,1,80,126716,8.051392,8.034690,8.071285,10.166460,10.155940,10.219840,30
pow2,3,32,32768,32768,morton,canonical_pruned,sparse,aligned,2,4,512,506,128,1641,1512,146476,506,2097152,16,wide+chunk,506,2,160,146636,8.025859,8.017449,8.107302,10.241732,10.234072,10.252928,30
pow2,3,32,32768,32768,morton,canonical_pruned,sparse,aligned,3,8,512,490,64,1167,3408,202716,490,2097152,16,wide+chunk,490,3,240,202956,8.078217,8.036249,8.643665,10.458736,10.436339,10.570667,30
pow2,3,32,32768,32768,morton,canonical_pruned,sparse,aligned,4,16,512,453,32,751,6736,317716,453,2097152,16,wide+chunk,453,4,320,318036,8.083202,8.066831,8.127481,10.910073,10.877542,11.042834,30
pow2,3,32,32768,32768,morton,canonical_pruned,sparse,aligned,5,32,512,399,16,406,12256,522556,399,2097152,16,wide+chunk,399,5,400,522956,8.268427,8.205368,12.291841,11.690902,11.666932,11.732411,30
pow2,3,32,32768,32768,morton,canonical_pruned,sparse,aligned,6,64,512,325,8,155,20288,830836,325,2097152,16,wide+chunk,325,6,480,831316,8.478869,8.444515,12.030477,12.938166,12.912127,17.715518,30
pow2,3,32,32768,32768,morton,canonical_pruned,sparse,aligned,7,128,512,225,4,30,28288,1141836,225,2097152,16,wide+chunk,225,7,560,1142396,8.709079,8.690002,11.187456,14.192569,14.180737,14.263944,30
pow2,3,32,32768,32768,morton,canonical_pruned,sparse,aligned,8,256,512,127,2,1,32000,1285236,127,2097152,16,wide+chunk,127,8,640,1285876,8.995545,8.836744,13.367521,14.907663,14.769478,16.362054,30
pow2,3,32,32768,32768,morton,canonical_pruned,sparse,aligned,9,512,512,64,1,0,32256,1292916,64,2097152,16,wide+chunk,64,9,720,1293636,8.849930,8.840447,12.946397,14.860830,14.795417,16.045847,30
pow2,3,32,32768,32768,morton,canonical_pruned,sparse,aligned,10,1024,512,32,1,0,32256,1291636,32,2097152,16,wide+chunk,32,10,800,1292436,8.860539,8.839218,12.392411,14.832812,14.749921,14.942394,30
pow2,3,32,32768,32768,morton,canonical_pruned,sparse,aligned,11,2048,512,16,1,0,32256,1290996,16,2097152,16,wide+chunk,16,11,880,1291876,8.850451,8.843874,9.014169,14.786340,14.771507,14.793332,30
pow2,3,32,32768,32768,morton,canonical_pruned,sparse,aligned,12,4096,512,8,1,0,32256,1290676,8,2097152,16,wide+chunk,8,12,960,1291636,8.838648,8.826846,10.310691,14.784766,14.769818,14.889774,30
pow2,3,32,32768,32768,morton,naive_dedup,sparse,offset,0,1,512,512,512,3674,0,167556,512,2097152,16,group+chunk,1,0,0,167556,7.845569,7.744288,12.826114,10.285669,10.254506,10.338228,30
pow2,3,32,32768,32768,morton,naive_dedup,sparse,offset,1,2,512,511,256,3162,510,167436,511,2097152,16,group+chunk,1,1,80,167516,7.772515,7.682701,9.476943,10.303062,10.272790,10.417393,30
pow2,3,32,32768,32768,morton,naive_dedup,sparse,offset,2,4,512,506,128,2651,1512,186876,506,2097152,16,group+chunk,1,2,160,187036,7.685752,7.671625,7.849806,10.450776,10.369377,10.526759,30
pow2,3,32,32768,32768,morton,naive_dedup,sparse,offset,3,8,512,490,64,2145,3408,241836,490,2097152,16,group+chunk,1,3,240,242076,7.823552,7.805898,7.855438,10.658899,10.629233,10.767764,30
pow2,3,32,32768,32768,morton,naive_dedup,sparse,offset,4,16,512,453,32,1655,6736,353876,453,2097152,16,group+chunk,1,4,320,354196,7.956062,7.943042,7.964132,15.511398,11.305259,16.168292,30
pow2,3,32,32768,32768,morton,naive_dedup,sparse,offset,5,32,512,399,16,1202,12256,554396,399,2097152,16,group+chunk,1,5,400,554796,8.043962,8.025889,8.064467,11.859966,11.812492,11.911999,30
pow2,3,32,32768,32768,morton,naive_dedup,sparse,offset,6,64,512,325,8,803,20288,856756,325,2097152,16,group+chunk,1,6,480,857236,8.276402,8.236767,8.331806,13.090493,12.976378,13.134697,30
pow2,3,32,32768,32768,morton,naive_dedup,sparse,offset,7,128,512,225,4,478,28288,1159756,225,2097152,16,group+chunk,1,7,560,1160316,8.586502,8.553480,8.672645,14.247583,14.142214,14.309946,30
pow2,3,32,32768,32768,morton,naive_dedup,sparse,offset,8,256,512,127,2,253,32000,1295316,127,2097152,16,group+chunk,1,8,640,1295956,8.816932,8.725123,8.845211,14.684021,14.616960,14.767639,30
pow2,3,32,32768,32768,morton,naive_dedup,sparse,offset,9,512,512,64,1,126,32256,1297956,64,2097152,16,group+chunk,1,9,720,1298676,8.737668,8.714729,8.750988,14.659265,14.598700,14.724117,30
pow2,3,32,32768,32768,morton,naive_dedup,sparse,offset,10,1024,512,32,1,62,32256,1294116,32,2097152,16,group+chunk,1,10,800,1294916,8.657125,8.645704,8.674102,14.638375,14.585856,14.696635,30
pow2,3,32,32768,32768,morton,naive_dedup,sparse,offset,11,2048,512,16,1,30,32256,1292196,16,2097152,16,group+chunk,1,11,880,1293076,8.675781,8.658928,8.698729,14.663092,14.610112,14.738584,30
pow2,3,32,32768,32768,morton,naive_dedup,sparse,offset,12,4096,512,8,1,14,32256,1291236,8,2097152,16,group+chunk,1,12,960,1292196,8.651530,8.636411,8.681366,14.657010,14.576688,14.754970,30
pow2,3,32,32768,32768,morton,canonical_pruned,sparse,offset,0,1,512,512,512,2652,0,126676,512,2097152,16,wide+chunk,512,0,0,126676,7.906153,7.879237,7.922894,9.975994,9.956378,10.002389,30
pow2,3,32,32768,32768,morton,canonical_pruned,sparse,offset,1,2,512,511,256,2142,510,126636,511,2097152,16,wide+chunk,511,1,80,126716,7.865055,7.838981,7.915706,10.100970,9.986099,10.198911,30
pow2,3,32,32768,32768,morton,canonical_pruned,sparse,offset,2,4,512,506,128,1641,1512,146476,506,2097152,16,wide+chunk,506,2,160,146636,7.910992,7.896695,7.932277,10.146832,10.028814,10.263733,30
pow2,3,32,32768,32768,morton,canonical_pruned,sparse,offset,3,8,512,490,64,1167,3408,202716,490,2097152,16,wide+chunk,490,3,240,202956,7.844397,7.817996,7.868472,12.927070,10.207327,15.338502,30
pow2,3,32,32768,32768,morton,canonical_pruned,sparse,offset,4,16,512,453,32,751,6736,317716,453,2097152,16,wide+chunk,453,4,320,318036,8.044003,8.032612,8.060369,10.710382,10.680750,10.796774,30
pow2,3,32,32768,32768,morton,canonical_pruned,sparse,offset,5,32,512,399,16,406,12256,522556,399,2097152,16,wide+chunk,399,5,400,522956,8.088783,8.050495,8.160142,11.496781,11.440774,11.577372,30
pow2,3,32,32768,32768,morton,canonical_pruned,sparse,offset,6,64,512,325,8,155,20288,830836,325,2097152,16,wide+chunk,325,6,480,831316,8.321858,8.308638,8.331255,12.709099,12.690629,12.761357,30
pow2,3,32,32768,32768,morton,canonical_pruned,sparse,offset,7,128,512,225,4,30,28288,1141836,225,2097152,16,wide+chunk,225,7,560,1142396,8.566419,8.545821,8.598365,14.007784,13.952341,14.110053,30
pow2,3,32,32768,32768,morton,canonical_pruned,sparse,offset,8,256,512,127,2,1,32000,1285236,127,2097152,16,wide+chunk,127,8,640,1285876,8.720901,8.705647,8.759849,14.508581,14.478969,14.522281,30
pow2,3,32,32768,32768,morton,canonical_pruned,sparse,offset,9,512,512,64,1,0,32256,1292916,64,2097152,16,wide+chunk,64,9,720,1293636,8.693619,8.677479,8.729071,14.639882,14.543641,14.809163,30
pow2,3,32,32768,32768,morton,canonical_pruned,sparse,offset,10,1024,512,32,1,0,32256,1291636,32,2097152,16,wide+chunk,32,10,800,1292436,8.785774,8.766201,8.821300,14.648439,14.538041,14.741269,30
pow2,3,32,32768,32768,morton,canonical_pruned,sparse,offset,11,2048,512,16,1,0,32256,1290996,16,2097152,16,wide+chunk,16,11,880,1291876,8.721166,8.680810,8.771006,14.710867,14.633786,14.744661,30
pow2,3,32,32768,32768,morton,canonical_pruned,sparse,offset,12,4096,512,8,1,0,32256,1290676,8,2097152,16,wide+chunk,8,12,960,1291636,8.696850,8.672193,8.770074,14.681326,14.555504,14.748763,30
sparse_grid,2,200,40000,65536,row_major,naive_dedup,all,n/a,0,1,40000,40000,40000,80004,0,4800260,40000,163840000,17,group+chunk,1,0,0,4800260,10.329407,10.312835,10.361321,223.901107,223.787127,223.996071,30
sparse_grid,2,200,40000,65536,row_major,naive_dedup,all,n/a,1,2,40000,20000,20000,40004,0,2400260,20000,163840000,17,group+chunk,1,1,80,2400340,5.707293,5.693336,5.714862,178.492042,178.407182,178.798305,30
sparse_grid,2,200,40000,65536,row_major,naive_dedup,all,n/a,2,4,40000,10000,10000,20004,0,1200260,10000,163840000,17,group+chunk,1,2,160,1200420,3.376638,3.370302,3.387764,157.415130,157.271042,157.618694,30
sparse_grid,2,200,40000,65536,row_major,naive_dedup,all,n/a,3,8,40000,5000,5000,10004,0,600260,5000,163840000,17,group+chunk,1,3,240,600500,2.320721,2.313657,2.326602,147.525447,147.335433,147.659741,30
sparse_grid,2,200,40000,65536,row_major,naive_dedup,all,n/a,4,16,40000,2500,2500,5004,0,300260,2500,163840000,17,group+chunk,1,4,320,300580,1.823341,1.818633,1.829293,142.812526,142.637306,142.954580,30
sparse_grid,2,200,40000,65536,row_major,naive_dedup,all,n/a,5,32,40000,1250,1250,2504,0,150260,1250,163840000,17,group+chunk,1,5,400,150660,1.600731,1.598457,1.609533,140.719165,140.484848,140.888610,30
sparse_grid,2,200,40000,65536,row_major,naive_dedup,all,n/a,6,64,40000,625,625,1254,0,75260,625,163840000,17,group+chunk,1,6,480,75740,1.495402,1.489782,1.500919,139.499242,139.315782,139.690067,30
sparse_grid,2,200,40000,65536,row_major,naive_dedup,all,n/a,7,128,40000,313,313,629,0,37780,313,163840000,17,group+chunk,1,7,560,38340,1.445294,1.442623,1.449912,139.014518,138.847567,139.143025,30
sparse_grid,2,200,40000,65536,row_major,naive_dedup,all,n/a,8,256,40000,157,157,316,0,19020,157,163840000,17,group+chunk,1,8,640,19660,1.425215,1.423351,1.430595,139.021972,138.917410,139.115559,30
sparse_grid,2,200,40000,65536,row_major,naive_dedup,all,n/a,9,512,40000,79,79,159,0,9620,79,163840000,17,group+chunk,1,9,720,10340,1.419675,1.415772,1.423397,139.009047,138.835800,139.178116,30
sparse_grid,2,200,40000,65536,row_major,naive_dedup,all,n/a,10,1024,40000,40,40,80,0,4900,40,163840000,17,group+chunk,1,10,800,5700,1.418232,1.414525,1.421442,139.050946,138.873277,139.245984,30
sparse_grid,2,200,40000,65536,row_major,naive_dedup,all,n/a,11,2048,40000,20,20,40,0,2500,20,163840000,17,group+chunk,1,11,880,3380,1.411664,1.407707,1.420967,139.061511,138.820812,139.225576,30
sparse_grid,2,200,40000,65536,row_major,naive_dedup,all,n/a,12,4096,40000,10,10,20,0,1300,10,163840000,17,group+chunk,1,12,960,2260,1.400743,1.399040,1.408735,138.922760,138.787815,139.083844,30
sparse_grid,2,200,40000,65536,row_major,canonical_pruned,all,n/a,0,1,40000,40000,40000,6,0,1600340,40000,163840000,17,wide+chunk,40000,0,0,1600340,5.380776,5.372451,5.391161,143.381159,143.298895,143.553385,30
sparse_grid,2,200,40000,65536,row_major,canonical_pruned,all,n/a,1,2,40000,20000,20000,6,0,800340,20000,163840000,17,wide+chunk,20000,1,80,800420,3.567173,3.559965,3.573009,141.554822,141.263337,141.657080,30
sparse_grid,2,200,40000,65536,row_major,canonical_pruned,all,n/a,2,4,40000,10000,10000,6,0,400340,10000,163840000,17,wide+chunk,10000,2,160,400500,2.478419,2.472201,2.485968,140.272762,140.166918,140.405658,30
sparse_grid,2,200,40000,65536,row_major,canonical_pruned,all,n/a,3,8,40000,5000,5000,6,0,200340,5000,163840000,17,wide+chunk,5000,3,240,200580,1.929507,1.923150,1.937592,139.524811,139.353648,139.700963,30
sparse_grid,2,200,40000,65536,row_major,canonical_pruned,all,n/a,4,16,40000,2500,2500,6,0,100340,2500,163840000,17,wide+chunk,2500,4,320,100660,1.676620,1.671134,1.684690,139.149733,138.941034,139.196957,30
sparse_grid,2,200,40000,65536,row_major,canonical_pruned,all,n/a,5,32,40000,1250,1250,6,0,50340,1250,163840000,17,wide+chunk,1250,5,400,50740,1.540703,1.531421,1.547015,138.840725,138.742349,139.000155,30
sparse_grid,2,200,40000,65536,row_major,canonical_pruned,all,n/a,6,64,40000,625,625,6,0,25340,625,163840000,17,wide+chunk,625,6,480,25820,1.482042,1.476693,1.485454,138.903098,138.714537,138.947791,30
sparse_grid,2,200,40000,65536,row_major,canonical_pruned,all,n/a,7,128,40000,313,313,5,0,12820,313,163840000,17,wide+chunk,313,7,560,13380,1.451876,1.444412,1.457351,138.746026,138.678179,138.837518,30
sparse_grid,2,200,40000,65536,row_major,canonical_pruned,all,n/a,8,256,40000,157,157,4,0,6540,157,163840000,17,wide+chunk,157,8,640,7180,1.425005,1.417841,1.435335,139.074917,138.960340,139.236793,30
sparse_grid,2,200,40000,65536,row_major,canonical_pruned,all,n/a,9,512,40000,79,79,3,0,3380,79,163840000,17,wide+chunk,79,9,720,4100,1.384619,1.376893,1.398589,138.782174,138.720488,138.893169,30
sparse_grid,2,200,40000,65536,row_major,canonical_pruned,all,n/a,10,1024,40000,40,40,2,0,1780,40,163840000,17,wide+chunk,40,10,800,2580,1.380275,1.374349,1.389994,138.912911,138.722822,139.044730,30
sparse_grid,2,200,40000,65536,row_major,canonical_pruned,all,n/a,11,2048,40000,20,20,2,0,980,20,163840000,17,wide+chunk,20,11,880,1860,1.385270,1.380991,1.389158,139.038173,138.775612,139.132160,30
sparse_grid,2,200,40000,65536,row_major,canonical_pruned,all,n/a,12,4096,40000,10,10,2,0,580,10,163840000,17,wide+chunk,10,12,960,1540,1.382820,1.380786,1.391812,138.746917,138.611432,138.974087,30
sparse_grid,2,200,40000,65536,row_major,naive_dedup,block,aligned,0,1,625,625,625,1439,0,82660,625,2560000,17,group+chunk,1,0,0,82660,0.138101,0.137680,0.138978,3.406886,3.406159,3.407723,30
sparse_grid,2,200,40000,65536,row_major,naive_dedup,block,aligned,1,2,625,325,313,814,25,46660,325,2560000,17,group+chunk,1,1,80,46740,0.068695,0.067567,0.070077,2.734050,2.733836,2.734581,30
sparse_grid,2,200,40000,65536,row_major,naive_dedup,block,aligned,2,4,625,175,157,489,75,29660,175,2560000,17,group+chunk,1,2,160,29820,0.045200,0.045080,0.045626,2.421691,2.421391,2.422037,30
sparse_grid,2,200,40000,65536,row_major,naive_dedup,block,aligned,3,8,625,100,79,314,175,23660,100,2560000,17,group+chunk,1,3,240,23900,0.038142,0.037987,0.038372,2.284002,2.283510,2.284888,30
sparse_grid,2,200,40000,65536,row_major,naive_dedup,block,aligned,4,16,625,62,40,214,367,25820,62,2560000,17,group+chunk,1,4,320,26140,0.038217,0.038032,0.038473,2.239727,2.239031,2.241180,30
sparse_grid,2,200,40000,65536,row_major,naive_dedup,block,aligned,5,32,625,43,20,152,751,37940,43,2560000,17,group+chunk,1,5,400,38340,0.045446,0.045235,0.045636,2.259475,2.258948,2.260096,30
sparse_grid,2,200,40000,65536,row_major,naive_dedup,block,aligned,6,64,625,34,10,109,1551,67860,34,2560000,17,group+chunk,1,6,480,68340,0.066821,0.066225,0.067653,2.369007,2.367985,2.370885,30
sparse_grid,2,200,40000,65536,row_major,naive_dedup,block,aligned,7,128,625,29,5,75,3087,127740,29,2560000,17,group+chunk,1,7,560,128300,0.116951,0.116840,0.117442,2.615482,2.614870,2.615908,30
sparse_grid,2,200,40000,65536,row_major,naive_dedup,block,aligned,8,256,625,20,3,46,4495,182540,20,2560000,17,group+chunk,1,8,640,183180,0.164144,0.163934,0.164275,2.830949,2.830553,2.833068,30
sparse_grid,2,200,40000,65536,row_major,naive_dedup,block,aligned,9,512,625,11,2,26,5007,201860,11,2560000,17,group+chunk,1,9,720,202580,0.179909,0.179644,0.180125,2.903987,2.903480,2.905264,30
sparse_grid,2,200,40000,65536,row_major,naive_dedup,block,aligned,10,1024,625,6,1,15,5519,221700,6,2560000,17,group+chunk,1,10,800,222500,0.196676,0.196511,0.197082,2.978492,2.977880,2.978993,30
sparse_grid,2,200,40000,65536,row_major,naive_dedup,block,aligned,11,2048,625,4,1,9,7567,303300,4,2560000,17,group+chunk,1,11,880,304180,0.267935,0.267370,0.268276,3.306241,3.303591,3.307383,30
sparse_grid,2,200,40000,65536,row_major,naive_dedup,block,aligned,12,4096,625,2,1,5,7567,303060,2,2560000,17,group+chunk,1,12,960,304020,0.267435,0.267024,0.268292,3.304487,3.303090,3.305204,30
sparse_grid,2,200,40000,65536,row_major,canonical_pruned,block,aligned,0,1,625,625,625,191,0,32740,625,2560000,17,wide+chunk,625,0,0,32740,0.091728,0.091052,0.092419,2.183326,2.182370,2.184924,30
sparse_grid,2,200,40000,65536,row_major,canonical_pruned,block,aligned,1,2,625,325,313,166,25,20740,325,2560000,17,wide+chunk,325,1,80,20820,0.050835,0.050095,0.053115,2.145564,2.144042,2.148706,30
sparse_grid,2,200,40000,65536,row_major,canonical_pruned,block,aligned,2,4,625,175,157,141,75,15740,175,2560000,17,wide+chunk,175,2,160,15900,0.039439,0.039329,0.039725,2.135305,2.135180,2.135711,30
sparse_grid,2,200,40000,65536,row_major,canonical_pruned,block,aligned,3,8,625,100,79,116,175,15740,100,2560000,17,wide+chunk,100,3,240,15980,0.036880,0.036735,0.036955,2.139864,2.139293,2.140194,30
sparse_grid,2,200,40000,65536,row_major,canonical_pruned,block,aligned,4,16,625,62,40,92,367,20940,62,2560000,17,wide+chunk,62,4,320,21260,0.038853,0.038748,0.039024,2.161785,2.161575,2.162828,30
sparse_grid,2,200,40000,65536,row_major,canonical_pruned,block,aligned,5,32,625,43,20,68,751,34580,43,2560000,17,wide+chunk,43,5,400,34980,0.046653,0.046423,0.046808,2.213042,2.212366,2.213328,30
sparse_grid,2,200,40000,65536,row_major,canonical_pruned,block,aligned,6,64,625,34,10,43,1551,65220,34,2560000,17,wide+chunk,34,6,480,65700,0.068233,0.067964,0.069266,2.337607,2.336059,2.339797,30
sparse_grid,2,200,40000,65536,row_major,canonical_pruned,block,aligned,7,128,625,29,5,19,3087,125500,29,2560000,17,wide+chunk,29,7,560,126060,0.116775,0.116460,0.116950,2.588831,2.588110,2.589693,30
sparse_grid,2,200,40000,65536,row_major,canonical_pruned,block,aligned,8,256,625,20,3,8,4495,181020,20,2560000,17,wide+chunk,20,8,640,181660,0.164365,0.163904,0.164531,2.814588,2.813937,2.814993,30
sparse_grid,2,200,40000,65536,row_major,canonical_pruned,block,aligned,9,512,625,11,2,6,5007,201060,11,2560000,17,wide+chunk,11,9,720,201780,0.179775,0.179569,0.180215,2.896367,2.895781,2.896848,30
sparse_grid,2,200,40000,65536,row_major,canonical_pruned,block,aligned,10,1024,625,6,1,5,5519,221300,6,2560000,17,wide+chunk,6,10,800,222100,0.197433,0.197007,0.197984,2.975646,2.974604,2.976018,30
sparse_grid,2,200,40000,65536,row_major,canonical_pruned,block,aligned,11,2048,625,4,1,3,7567,303060,4,2560000,17,wide+chunk,4,11,880,303940,0.268787,0.268456,0.269248,3.304792,3.303325,3.306055,30
sparse_grid,2,200,40000,65536,row_major,canonical_pruned,block,aligned,12,4096,625,2,1,3,7567,302980,2,2560000,17,wide+chunk,2,12,960,303940,0.268231,0.267976,0.268638,3.302228,3.301712,3.303415,30
sparse_grid,2,200,40000,65536,row_major,naive_dedup,block,offset,0,1,625,625,625,1443,0,82820,625,2560000,17,group+chunk,1,0,0,82820,0.139974,0.139568,0.140456,3.406816,3.405889,3.407918,30
sparse_grid,2,200,40000,65536,row_major,naive_dedup,block,offset,1,2,625,325,313,818,25,46820,325,2560000,17,group+chunk,1,1,80,46900,0.069602,0.068044,0.071364,2.733645,2.733049,2.734226,30
sparse_grid,2,200,40000,65536,row_major,naive_dedup,block,offset,2,4,625,175,157,493,75,29820,175,2560000,17,group+chunk,1,2,160,29980,0.045461,0.045290,0.045666,2.422803,2.422032,2.423930,30
sparse_grid,2,200,40000,65536,row_major,naive_dedup,block,offset,3,8,625,100,79,318,175,23820,100,2560000,17,group+chunk,1,3,240,24060,0.038142,0.037892,0.038387,2.284477,2.283835,2.285058,30
sparse_grid,2,200,40000,65536,row_major,naive_dedup,block,offset,4,16,625,62,40,218,367,25980,62,2560000,17,group+chunk,1,4,320,26300,0.038162,0.038077,0.038538,2.238591,2.238100,2.239086,30
sparse_grid,2,200,40000,65536,row_major,naive_dedup,block,offset,5,32,625,44,20,156,783,39420,44,2560000,17,group+chunk,1,5,400,39820,0.046908,0.046758,0.047074,2.266072,2.265265,2.266398,30
sparse_grid,2,200,40000,65536,row_major,naive_dedup,block,offset,6,64,625,35,10,112,1615,70580,35,2560000,17,group+chunk,1,6,480,71060,0.069641,0.069046,0.070518,2.381685,2.381050,2.383990,30
sparse_grid,2,200,40000,65536,row_major,naive_dedup,block,offset,7,128,625,30,5,77,3215,132980,30,2560000,17,group+chunk,1,7,560,133540,0.121735,0.121505,0.121985,2.638741,2.637574,2.639482,30
sparse_grid,2,200,40000,65536,row_major,naive_dedup,block,offset,8,256,625,20,3,47,4495,182580,20,2560000,17,group+chunk,1,8,640,183220,0.165182,0.164816,0.165728,2.829425,2.829205,2.830047,30
sparse_grid,2,200,40000,65536,row_major,naive_dedup,block,offset,9,512,625,11,2,27,5007,201900,11,2560000,17,group+chunk,1,9,720,202620,0.181086,0.180696,0.181352,2.904057,2.903154,2.904838,30
sparse_grid,2,200,40000,65536,row_major,naive_dedup,block,offset,10,1024,625,6,1,16,5519,221740,6,2560000,17,group+chunk,1,10,800,222540,0.198019,0.197518,0.198595,2.981407,2.980866,2.982049,30
sparse_grid,2,200,40000,65536,row_major,naive_dedup,block,offset,11,2048,625,3,1,10,5519,221380,3,2560000,17,group+chunk,1,11,880,222260,0.198354,0.197814,0.199507,2.978973,2.978141,2.980151,30
sparse_grid,2,200,40000,65536,row_major,naive_dedup,block,offset,12,4096,625,2,1,7,7567,303140,2,2560000,17,group+chunk,1,12,960,304100,0.268317,0.267996,0.269088,3.309802,3.308905,3.310544,30
sparse_grid,2,200,40000,65536,row_major,canonical_pruned,block,offset,0,1,625,625,625,195,0,32900,625,2560000,17,wide+chunk,625,0,0,32900,0.090696,0.090080,0.091412,2.183596,2.182619,2.184613,30
sparse_grid,2,200,40000,65536,row_major,canonical_pruned,block,offset,1,2,625,325,313,170,25,20900,325,2560000,17,wide+chunk,325,1,80,20980,0.050856,0.050165,0.052985,2.145905,2.144808,2.147543,30
sparse_grid,2,200,40000,65536,row_major,canonical_pruned,block,offset,2,4,625,175,157,145,75,15900,175,2560000,17,wide+chunk,175,2,160,16060,0.039920,0.039821,0.040391,2.136227,2.135716,2.136853,30
sparse_grid,2,200,40000,65536,row_major,canonical_pruned,block,offset,3,8,625,100,79,120,175,15900,100,2560000,17,wide+chunk,100,3,240,16140,0.037301,0.037141,0.037516,2.140200,2.139799,2.141421,30
sparse_grid,2,200,40000,65536,row_major,canonical_pruned,block,offset,4,16,625,62,40,96,367,21100,62,2560000,17,wide+chunk,62,4,320,21420,0.039174,0.039084,0.039284,2.162161,2.161685,2.162813,30
sparse_grid,2,200,40000,65536,row_major,canonical_pruned,block,offset,5,32,625,44,20,70,783,35980,44,2560000,17,wide+chunk,44,5,400,36380,0.047570,0.047364,0.048040,2.218758,2.217516,2.219405,30
sparse_grid,2,200,40000,65536,row_major,canonical_pruned,block,offset,6,64,625,35,10,44,1615,67860,35,2560000,17,wide+chunk,35,6,480,68340,0.071394,0.071059,0.071791,2.349715,2.347471,2.350642,30
sparse_grid,2,200,40000,65536,row_major,canonical_pruned,block,offset,7,128,625,30,5,19,3215,130660,30,2560000,17,wide+chunk,30,7,560,131220,0.122527,0.122286,0.122747,2.610622,2.609911,2.611409,30
sparse_grid,2,200,40000,65536,row_major,canonical_pruned,block,offset,8,256,625,20,3,9,4495,181060,20,2560000,17,wide+chunk,20,8,640,181700,0.164265,0.164155,0.164676,2.811678,2.811477,2.812704,30
sparse_grid,2,200,40000,65536,row_major,canonical_pruned,block,offset,9,512,625,11,2,7,5007,201100,11,2560000,17,wide+chunk,11,9,720,201820,0.183466,0.182825,0.183932,2.896467,2.895696,2.897393,30
sparse_grid,2,200,40000,65536,row_major,canonical_pruned,block,offset,10,1024,625,6,1,6,5519,221340,6,2560000,17,wide+chunk,6,10,800,222140,0.199581,0.198715,0.199937,2.978036,2.977300,2.979754,30
sparse_grid,2,200,40000,65536,row_major,canonical_pruned,block,offset,11,2048,625,3,1,6,5519,221220,3,2560000,17,wide+chunk,3,11,880,222100,0.198775,0.198384,0.199923,2.978718,2.977536,2.979283,30
sparse_grid,2,200,40000,65536,row_major,canonical_pruned,block,offset,12,4096,625,2,1,5,7567,303060,2,2560000,17,wide+chunk,2,12,960,304020,0.270280,0.269569,0.270947,3.309922,3.309106,3.310754,30
sparse_grid,2,200,40000,65536,row_major,naive_dedup,strided,aligned,0,1,625,625,625,2035,0,106500,625,2560000,17,group+chunk,1,0,0,106500,0.426269,0.425804,0.427061,3.678854,3.678082,3.679520,30
sparse_grid,2,200,40000,65536,row_major,naive_dedup,strided,aligned,1,2,625,625,313,1410,625,106500,625,2560000,17,group+chunk,1,1,80,106580,0.428514,0.427687,0.429701,3.705148,3.703626,3.706762,30
sparse_grid,2,200,40000,65536,row_major,naive_dedup,strided,aligned,2,4,625,325,157,785,675,71500,325,2560000,17,group+chunk,1,2,160,71660,0.372018,0.371441,0.372483,3.081517,3.080555,3.084231,30
sparse_grid,2,200,40000,65536,row_major,naive_dedup,strided,aligned,3,8,625,175,79,460,775,56500,175,2560000,17,group+chunk,1,3,240,56740,0.345012,0.344395,0.346124,2.793578,2.792526,2.795332,30
sparse_grid,2,200,40000,65536,row_major,naive_dedup,strided,aligned,4,16,625,100,40,285,975,54500,100,2560000,17,group+chunk,1,4,320,54820,0.340533,0.339822,0.341400,2.686390,2.684622,2.687919,30
sparse_grid,2,200,40000,65536,row_major,naive_dedup,strided,aligned,5,32,625,62,20,185,1359,64340,62,2560000,17,group+chunk,1,5,400,64740,0.350036,0.349445,0.350642,2.680149,2.677168,2.684037,30
sparse_grid,2,200,40000,65536,row_major,naive_dedup,strided,aligned,6,64,625,43,10,123,2127,91820,43,2560000,17,group+chunk,1,6,480,92300,0.368901,0.368545,0.369467,2.769728,2.768836,2.771100,30
sparse_grid,2,200,40000,65536,row_major,naive_dedup,strided,aligned,7,128,625,34,5,80,3727,153740,34,2560000,17,group+chunk,1,7,560,154300,0.420899,0.420484,0.421646,3.013088,3.012015,3.014224,30
sparse_grid,2,200,40000,65536,row_major,naive_dedup,strided,aligned,8,256,625,20,3,46,4495,182540,20,2560000,17,group+chunk,1,8,640,183180,0.443893,0.443117,0.444189,3.115811,3.115019,3.117355,30
sparse_grid,2,200,40000,65536,row_major,naive_dedup,strided,aligned,9,512,625,11,2,26,5007,201860,11,2560000,17,group+chunk,1,9,720,202580,0.464156,0.463119,0.466816,3.191659,3.190267,3.193232,30
sparse_grid,2,200,40000,65536,row_major,naive_dedup,strided,aligned,10,1024,625,6,1,15,5519,221700,6,2560000,17,group+chunk,1,10,800,222500,0.478869,0.478187,0.479185,3.265438,3.263966,3.267467,30
sparse_grid,2,200,40000,65536,row_major,naive_dedup,strided,aligned,11,2048,625,4,1,9,7567,303300,4,2560000,17,group+chunk,1,11,880,304180,0.548701,0.547493,0.549958,3.592236,3.590242,3.594800,30
sparse_grid,2,200,40000,65536,row_major,naive_dedup,strided,aligned,12,4096,625,2,1,5,7567,303060,2,2560000,17,group+chunk,1,12,960,304020,0.554567,0.554061,0.554968,3.589862,3.587616,3.592501,30
sparse_grid,2,200,40000,65536,row_major,canonical_pruned,strided,aligned,0,1,625,625,625,787,0,56580,625,2560000,17,wide+chunk,625,0,0,56580,0.436614,0.435693,0.521910,2.597483,2.594727,2.599151,30
sparse_grid,2,200,40000,65536,row_major,canonical_pruned,strided,aligned,1,2,625,625,313,162,625,56580,625,2560000,17,wide+chunk,625,1,80,56660,0.387757,0.387055,0.391159,2.574109,2.572230,2.577500,30
sparse_grid,2,200,40000,65536,row_major,canonical_pruned,strided,aligned,2,4,625,325,157,137,675,45580,325,2560000,17,wide+chunk,325,2,160,45740,0.356038,0.355756,0.357294,2.552097,2.549181,2.553354,30
sparse_grid,2,200,40000,65536,row_major,canonical_pruned,strided,aligned,3,8,625,175,79,112,775,42580,175,2560000,17,wide+chunk,175,3,240,42820,0.340002,0.339711,0.341219,2.538126,2.536232,2.539359,30
sparse_grid,2,200,40000,65536,row_major,canonical_pruned,strided,aligned,4,16,625,100,40,87,975,46580,100,2560000,17,wide+chunk,100,4,320,46900,0.338198,0.337903,0.339446,2.557532,2.556751,2.559021,30
sparse_grid,2,200,40000,65536,row_major,canonical_pruned,strided,aligned,5,32,625,62,20,63,1359,59460,62,2560000,17,wide+chunk,62,5,400,59860,0.348873,0.348257,0.349414,2.611615,2.608534,2.612627,30
sparse_grid,2,200,40000,65536,row_major,canonical_pruned,strided,aligned,6,64,625,43,10,39,2127,88460,43,2560000,17,wide+chunk,43,6,480,88940,0.368691,0.367674,0.369582,2.727854,2.726591,2.730063,30
sparse_grid,2,200,40000,65536,row_major,canonical_pruned,strided,aligned,7,128,625,34,5,14,3727,151100,34,2560000,17,wide+chunk,34,7,560,151660,0.419668,0.418841,0.420308,2.977134,2.975822,2.979569,30
sparse_grid,2,200,40000,65536,row_major,canonical_pruned,strided,aligned,8,256,625,20,3,8,4495,181020,20,2560000,17,wide+chunk,20,8,640,181660,0.443522,0.442826,0.444229,3.098990,3.097692,3.101088,30
sparse_grid,2,200,40000,65536,row_major,canonical_pruned,strided,aligned,9,512,625,11,2,6,5007,201060,11,2560000,17,wide+chunk,11,9,720,201780,0.460113,0.459603,0.460879,3.181681,3.179526,3.183058,30
sparse_grid,2,200,40000,65536,row_major,canonical_pruned,strided,aligned,10,1024,625,6,1,5,5519,221300,6,2560000,17,wide+chunk,6,10,800,222100,0.479150,0.478147,0.479930,3.260089,3.258796,3.262739,30
sparse_grid,2,200,40000,65536,row_major,canonical_pruned,strided,aligned,11,2048,625,4,1,3,7567,303060,4,2560000,17,wide+chunk,4,11,880,303940,0.547449,0.546958,0.548115,3.591013,3.588513,3.593954,30
sparse_grid,2,200,40000,65536,row_major,canonical_pruned,strided,aligned,12,4096,625,2,1,3,7567,302980,2,2560000,17,wide+chunk,2,12,960,303940,0.546110,0.545440,0.546847,3.591068,3.587962,3.593257,30
sparse_grid,2,200,40000,65536,row_major,naive_dedup,strided,offset,0,1,625,625,625,2038,0,106620,625,2560000,17,group+chunk,1,0,0,106620,0.426535,0.425774,0.427973,3.678047,3.676915,3.679641,30
sparse_grid,2,200,40000,65536,row_major,naive_dedup,strided,offset,1,2,625,625,313,1413,625,106620,625,2560000,17,group+chunk,1,1,80,106700,0.428088,0.426991,0.429235,3.700550,3.699858,3.701957,30
sparse_grid,2,200,40000,65536,row_major,naive_dedup,strided,offset,2,4,625,325,157,788,675,71620,325,2560000,17,group+chunk,1,2,160,71780,0.371051,0.370769,0.372042,3.078346,3.077279,3.079603,30
sparse_grid,2,200,40000,65536,row_major,naive_dedup,strided,offset,3,8,625,175,79,463,775,56620,175,2560000,17,group+chunk,1,3,240,56860,0.343448,0.342456,0.343799,2.791770,2.790166,2.793572,30
sparse_grid,2,200,40000,65536,row_major,naive_dedup,strided,offset,4,16,625,100,40,288,975,54620,100,2560000,17,group+chunk,1,4,320,54940,0.338428,0.338093,0.338869,2.680886,2.679303,2.682703,30
sparse_grid,2,200,40000,65536,row_major,naive_dedup,strided,offset,5,32,625,63,20,188,1391,65780,63,2560000,17,group+chunk,1,5,400,66180,0.348673,0.347822,0.349560,2.682358,2.680449,2.683189,30
sparse_grid,2,200,40000,65536,row_major,naive_dedup,strided,offset,6,64,625,44,10,125,2191,94500,44,2560000,17,group+chunk,1,6,480,94980,0.369878,0.369027,0.370669,2.778158,2.776361,2.779255,30
sparse_grid,2,200,40000,65536,row_major,naive_dedup,strided,offset,7,128,625,34,5,81,3727,153780,34,2560000,17,group+chunk,1,7,560,154340,0.416852,0.416355,0.417963,3.007432,3.006916,3.008288,30
sparse_grid,2,200,40000,65536,row_major,naive_dedup,strided,offset,8,256,625,20,3,47,4495,182580,20,2560000,17,group+chunk,1,8,640,183220,0.441634,0.440883,0.442295,3.110792,3.109900,3.112160,30
sparse_grid,2,200,40000,65536,row_major,naive_dedup,strided,offset,9,512,625,11,2,27,5007,201900,11,2560000,17,group+chunk,1,9,720,202620,0.458771,0.457964,0.459472,3.184932,3.183339,3.189109,30
sparse_grid,2,200,40000,65536,row_major,naive_dedup,strided,offset,10,1024,625,6,1,16,5519,221740,6,2560000,17,group+chunk,1,10,800,222540,0.474791,0.473323,0.476740,3.262538,3.261571,3.263510,30
sparse_grid,2,200,40000,65536,row_major,naive_dedup,strided,offset,11,2048,625,3,1,10,5519,221380,3,2560000,17,group+chunk,1,11,880,222260,0.473819,0.473468,0.475301,3.259257,3.257809,3.261160,30
sparse_grid,2,200,40000,65536,row_major,naive_dedup,strided,offset,12,4096,625,2,1,7,7567,303140,2,2560000,17,group+chunk,1,12,960,304100,0.544528,0.543832,0.545385,3.595076,3.592881,3.598352,30
sparse_grid,2,200,40000,65536,row_major,canonical_pruned,strided,offset,0,1,625,625,625,790,0,56700,625,2560000,17,wide+chunk,625,0,0,56700,0.435121,0.434240,0.436624,2.593305,2.591711,2.595218,30
sparse_grid,2,200,40000,65536,row_major,canonical_pruned,strided,offset,1,2,625,625,313,165,625,56700,625,2560000,17,wide+chunk,625,1,80,56780,0.386635,0.385959,0.387677,2.568999,2.567426,2.570468,30
sparse_grid,2,200,40000,65536,row_major,canonical_pruned,strided,offset,2,4,625,325,157,140,675,45700,325,2560000,17,wide+chunk,325,2,160,45860,0.353668,0.353136,0.354700,2.548339,2.544593,2.550224,30
sparse_grid,2,200,40000,65536,row_major,canonical_pruned,strided,offset,3,8,625,175,79,115,775,42700,175,2560000,17,wide+chunk,175,3,240,42940,0.338809,0.338139,0.340568,2.537104,2.535661,2.540725,30
sparse_grid,2,200,40000,65536,row_major,canonical_pruned,strided,offset,4,16,625,100,40,90,975,46700,100,2560000,17,wide+chunk,100,4,320,47020,0.335953,0.335183,0.337116,2.552398,2.550254,2.555634,30
sparse_grid,2,200,40000,65536,row_major,canonical_pruned,strided,offset,5,32,625,63,20,64,1391,60820,63,2560000,17,wide+chunk,63,5,400,61220,0.348407,0.347431,0.349384,2.612316,2.610002,2.614815,30
sparse_grid,2,200,40000,65536,row_major,canonical_pruned,strided,offset,6,64,625,44,10,39,2191,91060,44,2560000,17,wide+chunk,44,6,480,91540,0.370725,0.369838,0.370986,2.736154,2.732838,2.737071,30
sparse_grid,2,200,40000,65536,row_major,canonical_pruned,strided,offset,7,128,625,34,5,15,3727,151140,34,2560000,17,wide+chunk,34,7,560,151700,0.418465,0.417468,0.418770,2.974480,2.973713,2.975732,30
sparse_grid,2,200,40000,65536,row_major,canonical_pruned,strided,offset,8,256,625,20,3,9,4495,181060,20,2560000,17,wide+chunk,20,8,640,181700,0.442285,0.441603,0.443292,3.094295,3.093178,3.095398,30
sparse_grid,2,200,40000,65536,row_major,canonical_pruned,strided,offset,9,512,625,11,2,7,5007,201100,11,2560000,17,wide+chunk,11,9,720,201820,0.458962,0.458265,0.460253,3.177938,3.176772,3.179362,30
sparse_grid,2,200,40000,65536,row_major,canonical_pruned,strided,offset,10,1024,625,6,1,6,5519,221340,6,2560000,17,wide+chunk,6,10,800,222140,0.477030,0.475988,0.478027,3.262297,3.260264,3.266200,30
sparse_grid,2,200,40000,65536,row_major,canonical_pruned,strided,offset,11,2048,625,3,1,6,5519,221220,3,2560000,17,wide+chunk,3,11,880,222100,0.477191,0.475642,0.477912,3.261306,3.260088,3.263891,30
sparse_grid,2,200,40000,65536,row_major,canonical_pruned,strided,offset,12,4096,625,2,1,5,7567,303060,2,2560000,17,wide+chunk,2,12,960,304020,0.546967,0.545815,0.547449,3.591910,3.591349,3.593522,30
sparse_grid,2,200,40000,65536,row_major,naive_dedup,sparse,aligned,0,1,625,625,625,4439,0,202660,625,2560000,17,group+chunk,1,0,0,202660,12.008797,11.990478,12.017574,15.291448,15.278063,15.334975,30
sparse_grid,2,200,40000,65536,row_major,naive_dedup,sparse,aligned,1,2,625,618,313,3814,611,201820,618,2560000,17,group+chunk,1,1,80,201900,11.992380,11.982367,12.010731,15.253681,15.239545,15.289193,30
sparse_grid,2,200,40000,65536,row_major,naive_dedup,sparse,aligned,2,4,625,611,157,3196,1819,225140,611,2560000,17,group+chunk,1,2,160,225300,12.016065,11.999439,12.044023,15.406049,15.398244,15.418242,30
sparse_grid,2,200,40000,65536,row_major,naive_dedup,sparse,aligned,3,8,625,589,79,2585,4087,290540,589,2560000,17,group+chunk,1,3,240,290780,12.153250,12.132851,12.640795,15.650776,15.634951,15.671881,30
sparse_grid,2,200,40000,65536,row_major,naive_dedup,sparse,aligned,4,16,625,549,40,1996,8159,428260,549,2560000,17,group+chunk,1,4,320,428580,12.203124,12.186873,12.224224,16.149402,16.126975,16.186857,30
sparse_grid,2,200,40000,65536,row_major,naive_dedup,sparse,aligned,5,32,625,479,20,1447,14703,665260,479,2560000,17,group+chunk,1,5,400,665660,12.396669,12.381796,12.414077,17.042147,17.020446,17.074864,30
sparse_grid,2,200,40000,65536,row_major,naive_dedup,sparse,aligned,6,64,625,390,10,968,24335,1027820,390,2560000,17,group+chunk,1,6,480,1028300,12.873509,12.700698,19.569347,18.388829,18.366948,18.407600,30
sparse_grid,2,200,40000,65536,row_major,naive_dedup,sparse,aligned,7,128,625,265,5,578,33231,1363060,265,2560000,17,group+chunk,1,7,560,1363620,12.977911,12.968033,12.994312,19.659247,19.652354,19.707247,30
sparse_grid,2,200,40000,65536,row_major,naive_dedup,sparse,aligned,8,256,625,154,3,313,38607,1563060,154,2560000,17,group+chunk,1,8,640,1563700,15.091059,13.128926,18.821341,20.371446,20.354299,20.391775,30
sparse_grid,2,200,40000,65536,row_major,naive_dedup,sparse,aligned,9,512,625,79,2,159,39375,1584620,79,2560000,17,group+chunk,1,9,720,1585340,13.202140,13.186590,13.223169,20.472476,20.452770,20.486213,30
sparse_grid,2,200,40000,65536,row_major,naive_dedup,sparse,aligned,10,1024,625,40,1,80,39375,1579900,40,2560000,17,group+chunk,1,10,800,1580700,13.249549,13.218550,14.738514,20.496212,20.490787,20.517442,30
sparse_grid,2,200,40000,65536,row_major,naive_dedup,sparse,aligned,11,2048,625,20,1,40,39375,1577500,20,2560000,17,group+chunk,1,11,880,1578380,13.180834,13.152781,15.674997,20.494744,20.473725,20.522106,30
sparse_grid,2,200,40000,65536,row_major,naive_dedup,sparse,aligned,12,4096,625,10,1,20,39375,1576300,10,2560000,17,group+chunk,1,12,960,1577260,14.199732,13.125249,20.036444,20.469532,20.442675,20.484559,30
sparse_grid,2,200,40000,65536,row_major,canonical_pruned,sparse,aligned,0,1,625,625,625,3191,0,152740,625,2560000,17,wide+chunk,625,0,0,152740,12.175702,12.151255,12.195144,14.725063,14.704715,15.342168,30
sparse_grid,2,200,40000,65536,row_major,canonical_pruned,sparse,aligned,1,2,625,618,313,2580,611,152460,618,2560000,17,wide+chunk,618,1,80,152540,12.143942,12.126960,12.155474,21.541840,15.442533,21.559755,30
sparse_grid,2,200,40000,65536,row_major,canonical_pruned,sparse,aligned,2,4,625,611,157,1976,1819,176340,611,2560000,17,wide+chunk,611,2,160,176500,12.162898,12.146111,12.172480,14.781480,14.746028,21.639109,30
sparse_grid,2,200,40000,65536,row_major,canonical_pruned,sparse,aligned,3,8,625,589,79,1409,4087,243500,589,2560000,17,wide+chunk,589,3,240,243740,12.125276,12.112528,12.138502,15.018217,14.993761,15.727826,30
sparse_grid,2,200,40000,65536,row_major,canonical_pruned,sparse,aligned,4,16,625,549,40,900,8159,384420,549,2560000,17,wide+chunk,549,4,320,384740,12.274904,12.266779,13.680772,15.564508,15.554239,15.612679,30
sparse_grid,2,200,40000,65536,row_major,canonical_pruned,sparse,aligned,5,32,625,479,20,491,14703,627020,479,2560000,17,wide+chunk,479,5,400,627420,12.424397,12.404955,12.554286,16.518404,16.489575,16.609897,30
sparse_grid,2,200,40000,65536,row_major,canonical_pruned,sparse,aligned,6,64,625,390,10,190,24335,996700,390,2560000,17,wide+chunk,390,6,480,997180,12.722503,12.713046,13.446260,23.742504,17.981721,24.795648,30
sparse_grid,2,200,40000,65536,row_major,canonical_pruned,sparse,aligned,7,128,625,265,5,50,33231,1341940,265,2560000,17,wide+chunk,265,7,560,1342500,12.946262,12.923763,12.975832,19.710329,19.401196,26.237735,30
sparse_grid,2,200,40000,65536,row_major,canonical_pruned,sparse,aligned,8,256,625,154,3,7,38607,1550820,154,2560000,17,wide+chunk,154,8,640,1551460,13.325933,13.213641,18.293259,20.538427,20.304745,27.067865,30
sparse_grid,2,200,40000,65536,row_major,canonical_pruned,sparse,aligned,9,512,625,79,2,3,39375,1578380,79,2560000,17,wide+chunk,79,9,720,1579100,13.214628,13.198943,13.228238,20.428980,20.406117,20.440526,30
sparse_grid,2,200,40000,65536,row_major,canonical_pruned,sparse,aligned,10,1024,625,40,1,2,39375,1576780,40,2560000,17,wide+chunk,40,10,800,1577580,14.410250,13.287109,20.084580,20.502519,20.486424,20.525117,30
sparse_grid,2,200,40000,65536,row_major,canonical_pruned,sparse,aligned,11,2048,625,20,1,2,39375,1575980,20,2560000,17,wide+chunk,20,11,880,1576860,13.298647,13.278664,13.319421,20.529410,20.515313,20.553044,30
sparse_grid,2,200,40000,65536,row_major,canonical_pruned,sparse,aligned,12,4096,625,10,1,2,39375,1575580,10,2560000,17,wide+chunk,10,12,960,1576540,13.289144,13.247961,13.319691,20.516555,20.498441,20.542875,30
sparse_grid,2,200,40000,65536,row_major,naive_dedup,sparse,offset,0,1,625,625,625,4439,0,202660,625,2560000,17,group+chunk,1,0,0,202660,11.874048,11.855748,11.886726,15.096049,15.062426,15.141114,30
sparse_grid,2,200,40000,65536,row_major,naive_dedup,sparse,offset,1,2,625,618,313,3814,611,201820,618,2560000,17,group+chunk,1,1,80,201900,11.781378,11.768845,11.801987,15.059079,15.025707,15.085334,30
sparse_grid,2,200,40000,65536,row_major,naive_dedup,sparse,offset,2,4,625,611,157,3196,1819,225140,611,2560000,17,group+chunk,1,2,160,225300,11.839813,11.820426,11.896099,15.181390,15.160761,15.226952,30
sparse_grid,2,200,40000,65536,row_major,naive_dedup,sparse,offset,3,8,625,589,79,2585,4087,290540,589,2560000,17,group+chunk,1,3,240,290780,12.897094,12.029536,19.003134,15.419109,15.403440,15.494561,30
sparse_grid,2,200,40000,65536,row_major,naive_dedup,sparse,offset,4,16,625,549,40,1996,8159,428260,549,2560000,17,group+chunk,1,4,320,428580,11.980042,11.953633,12.006938,16.052940,15.957665,16.090070,30
sparse_grid,2,200,40000,65536,row_major,naive_dedup,sparse,offset,5,32,625,479,20,1447,14703,665260,479,2560000,17,group+chunk,1,5,400,665660,17.532298,12.488748,19.256998,16.833384,16.813035,16.858361,30
sparse_grid,2,200,40000,65536,row_major,naive_dedup,sparse,offset,6,64,625,390,10,968,24335,1027820,390,2560000,17,group+chunk,1,6,480,1028300,13.245916,12.511852,19.268324,18.314399,18.205263,18.392913,30
sparse_grid,2,200,40000,65536,row_major,naive_dedup,sparse,offset,7,128,625,265,5,578,33231,1363060,265,2560000,17,group+chunk,1,7,560,1363620,12.933021,12.920072,12.991221,19.445875,19.421073,19.547967,30
sparse_grid,2,200,40000,65536,row_major,naive_dedup,sparse,offset,8,256,625,154,3,313,38607,1563060,154,2560000,17,group+chunk,1,8,640,1563700,14.084906,13.041566,19.497617,20.158234,20.128352,20.306193,30
sparse_grid,2,200,40000,65536,row_major,naive_dedup,sparse,offset,9,512,625,79,2,159,39375,1584620,79,2560000,17,group+chunk,1,9,720,1585340,12.897710,12.873970,12.942740,20.232945,20.162853,20.308728,30
sparse_grid,2,200,40000,65536,row_major,naive_dedup,sparse,offset,10,1024,625,40,1,80,39375,1579900,40,2560000,17,group+chunk,1,10,800,1580700,12.895746,12.886864,12.904207,20.231593,20.210583,20.316893,30
sparse_grid,2,200,40000,65536,row_major,naive_dedup,sparse,offset,11,2048,625,20,1,40,39375,1577500,20,2560000,17,group+chunk,1,11,880,1578380,13.048700,13.011971,15.846872,20.215021,20.192369,20.255633,30
sparse_grid,2,200,40000,65536,row_major,naive_dedup,sparse,offset,12,4096,625,10,1,20,39375,1576300,10,2560000,17,group+chunk,1,12,960,1577260,12.911982,12.887390,17.188609,20.176203,20.153991,20.208483,30
sparse_grid,2,200,40000,65536,row_major,canonical_pruned,sparse,offset,0,1,625,625,625,3191,0,152740,625,2560000,17,wide+chunk,625,0,0,152740,12.020313,11.903588,15.974492,14.578463,14.392686,21.471097,30
sparse_grid,2,200,40000,65536,row_major,canonical_pruned,sparse,offset,1,2,625,618,313,2580,611,152460,618,2560000,17,wide+chunk,618,1,80,152540,11.914684,11.866623,11.949194,14.534925,14.383599,21.456369,30
sparse_grid,2,200,40000,65536,row_major,canonical_pruned,sparse,offset,2,4,625,611,157,1976,1819,176340,611,2560000,17,wide+chunk,611,2,160,176500,11.898067,11.874583,11.906474,14.546071,14.495390,19.028076,30
sparse_grid,2,200,40000,65536,row_major,canonical_pruned,sparse,offset,3,8,625,589,79,1409,4087,243500,589,2560000,17,wide+chunk,589,3,240,243740,11.919253,11.903538,11.936580,14.732683,14.715145,14.883422,30
sparse_grid,2,200,40000,65536,row_major,canonical_pruned,sparse,offset,4,16,625,549,40,900,8159,384420,549,2560000,17,wide+chunk,549,4,320,384740,11.948478,11.939997,11.975509,15.297940,15.284895,15.352894,30
sparse_grid,2,200,40000,65536,row_major,canonical_pruned,sparse,offset,5,32,625,479,20,491,14703,627020,479,2560000,17,wide+chunk,479,5,400,627420,12.155443,12.143707,12.177871,16.240243,16.217551,16.341780,30
sparse_grid,2,200,40000,65536,row_major,canonical_pruned,sparse,offset,6,64,625,390,10,190,24335,996700,390,2560000,17,wide+chunk,390,6,480,997180,12.423469,12.399394,12.458004,17.740080,17.709417,17.841811,30
sparse_grid,2,200,40000,65536,row_major,canonical_pruned,sparse,offset,7,128,625,265,5,50,33231,1341940,265,2560000,17,wide+chunk,265,7,560,1342500,12.783204,12.773541,12.799013,19.356802,19.233734,19.415297,30
sparse_grid,2,200,40000,65536,row_major,canonical_pruned,sparse,offset,8,256,625,154,3,7,38607,1550820,154,2560000,17,wide+chunk,154,8,640,1551460,12.954427,12.930131,12.984894,20.203069,19.999575,20.266212,30
sparse_grid,2,200,40000,65536,row_major,canonical_pruned,sparse,offset,9,512,625,79,2,3,39375,1578380,79,2560000,17,wide+chunk,79,9,720,1579100,12.953530,12.929916,12.981041,20.250683,20.137556,20.355401,30
sparse_grid,2,200,40000,65536,row_major,canonical_pruned,sparse,offset,10,1024,625,40,1,2,39375,1576780,40,2560000,17,wide+chunk,40,10,800,1577580,12.929379,12.911531,12.957723,20.240995,20.220186,20.299411,30
sparse_grid,2,200,40000,65536,row_major,canonical_pruned,sparse,offset,11,2048,625,20,1,2,39375,1575980,20,2560000,17,wide+chunk,20,11,880,1576860,12.914547,12.878514,12.930226,20.216719,20.195013,20.298584,30
sparse_grid,2,200,40000,65536,row_major,canonical_pruned,sparse,offset,12,4096,625,10,1,2,39375,1575580,10,2560000,17,wide+chunk,10,12,960,1576540,12.897970,12.884480,12.913419,20.288946,20.204522,20.424692,30
sparse_grid,2,200,40000,65536,morton,naive_dedup,all,n/a,0,1,40000,40000,40000,80067,0,4802780,40000,163840000,17,group+chunk,1,0,0,4802780,12.199872,12.184639,12.230305,226.239647,226.050856,226.322192,30
sparse_grid,2,200,40000,65536,morton,naive_dedup,all,n/a,1,2,40000,20000,20000,40067,0,2402780,20000,163840000,17,group+chunk,1,1,80,2402860,7.375727,7.355834,7.390390,180.940855,180.858103,181.240725,30
sparse_grid,2,200,40000,65536,morton,naive_dedup,all,n/a,2,4,40000,10000,10000,20067,0,1202780,10000,163840000,17,group+chunk,1,2,160,1202940,4.925978,4.917172,4.936733,159.721707,159.647122,159.841835,30
sparse_grid,2,200,40000,65536,morton,naive_dedup,all,n/a,3,8,40000,5000,5000,10067,0,602780,5000,163840000,17,group+chunk,1,3,240,603020,3.831036,3.819449,3.846214,149.710084,149.601384,149.850529,30
sparse_grid,2,200,40000,65536,morton,naive_dedup,all,n/a,4,16,40000,2500,2500,5067,0,302780,2500,163840000,17,group+chunk,1,4,320,303100,3.301722,3.297854,3.312793,144.931565,144.791491,145.013419,30
sparse_grid,2,200,40000,65536,morton,naive_dedup,all,n/a,5,32,40000,1250,1250,2567,0,152780,1250,163840000,17,group+chunk,1,5,400,153180,3.069183,3.063973,3.077979,142.718919,142.635331,142.829287,30
sparse_grid,2,200,40000,65536,morton,naive_dedup,all,n/a,6,64,40000,625,625,1317,0,77780,625,163840000,17,group+chunk,1,6,480,78260,2.950909,2.948541,2.955213,141.741554,141.656037,141.814902,30
sparse_grid,2,200,40000,65536,morton,naive_dedup,all,n/a,7,128,40000,325,313,692,0,40780,325,163840000,17,group+chunk,1,7,560,41340,2.920193,2.916996,2.928127,141.380883,141.301509,141.460398,30
sparse_grid,2,200,40000,65536,morton,naive_dedup,all,n/a,8,256,40000,169,157,367,0,21540,169,163840000,17,group+chunk,1,8,640,22180,2.914411,2.906281,2.923203,141.690588,141.579978,141.844838,30
sparse_grid,2,200,40000,65536,morton,naive_dedup,all,n/a,9,512,40000,91,79,198,0,11660,91,163840000,17,group+chunk,1,9,720,12380,2.926573,2.922376,2.932245,141.923432,141.865999,142.042277,30
sparse_grid,2,200,40000,65536,morton,naive_dedup,all,n/a,10,1024,40000,49,40,107,0,6340,49,163840000,17,group+chunk,1,10,800,7140,2.965152,2.961519,2.969675,142.434191,142.265779,142.587621,30
sparse_grid,2,200,40000,65536,morton,naive_dedup,all,n/a,11,2048,40000,28,20,58,0,3540,28,163840000,17,group+chunk,1,11,880,4420,3.030219,3.024864,3.033997,143.375994,143.272213,143.453620,30
sparse_grid,2,200,40000,65536,morton,naive_dedup,all,n/a,12,4096,40000,16,10,30,0,1940,16,163840000,17,group+chunk,1,12,960,2900,3.110305,3.102796,3.119343,144.748228,144.687374,144.855432,30
sparse_grid,2,200,40000,65536,morton,canonical_pruned,all,n/a,0,1,40000,40000,40000,69,0,1602860,40000,163840000,17,wide+chunk,40000,0,0,1602860,6.898791,6.894077,6.907989,145.360470,145.237032,145.438382,30
sparse_grid,2,200,40000,65536,morton,canonical_pruned,all,n/a,1,2,40000,20000,20000,69,0,802860,20000,163840000,17,wide+chunk,20000,1,80,802940,5.051004,5.042312,5.062941,143.457919,143.379465,143.557697,30
sparse_grid,2,200,40000,65536,morton,canonical_pruned,all,n/a,2,4,40000,10000,10000,69,0,402860,10000,163840000,17,wide+chunk,10000,2,160,403020,3.952415,3.945507,3.959068,142.280596,142.197945,142.406258,30
sparse_grid,2,200,40000,65536,morton,canonical_pruned,all,n/a,3,8,40000,5000,5000,69,0,202860,5000,163840000,17,wide+chunk,5000,3,240,203100,3.410818,3.408223,3.416434,141.797234,141.671412,141.915658,30
sparse_grid,2,200,40000,65536,morton,canonical_pruned,all,n/a,4,16,40000,2500,2500,69,0,102860,2500,163840000,17,wide+chunk,2500,4,320,103180,3.145873,3.138789,3.155010,141.377372,141.281250,141.506310,30
sparse_grid,2,200,40000,65536,morton,canonical_pruned,all,n/a,5,32,40000,1250,1250,69,0,52860,1250,163840000,17,wide+chunk,1250,5,400,53260,3.006750,3.000043,3.022660,141.141301,141.074049,141.285287,30
sparse_grid,2,200,40000,65536,morton,canonical_pruned,all,n/a,6,64,40000,625,625,69,0,27860,625,163840000,17,wide+chunk,625,6,480,28340,2.943115,2.939363,2.951371,141.267219,141.143710,141.381399,30
sparse_grid,2,200,40000,65536,morton,canonical_pruned,all,n/a,7,128,40000,325,313,44,0,14860,325,163840000,17,wide+chunk,325,7,560,15420,2.922461,2.914782,2.939898,141.323319,141.170506,141.393993,30
sparse_grid,2,200,40000,65536,morton,canonical_pruned,all,n/a,8,256,40000,169,157,31,0,8100,169,163840000,17,wide+chunk,169,8,640,8740,2.907037,2.893317,2.917011,141.724678,141.530696,141.892459,30
sparse_grid,2,200,40000,65536,morton,canonical_pruned,all,n/a,9,512,40000,91,79,18,0,4460,91,163840000,17,wide+chunk,91,9,720,5180,2.901947,2.894674,2.909201,141.979453,141.894057,142.154213,30
sparse_grid,2,200,40000,65536,morton,canonical_pruned,all,n/a,10,1024,40000,49,40,11,0,2500,49,163840000,17,wide+chunk,49,10,800,3300,2.923553,2.920381,2.931418,142.654582,142.558556,142.733937,30
sparse_grid,2,200,40000,65536,morton,canonical_pruned,all,n/a,11,2048,40000,28,20,4,0,1380,28,163840000,17,wide+chunk,28,11,880,2260,3.000488,2.995904,3.004105,143.554802,143.474039,143.676811,30
sparse_grid,2,200,40000,65536,morton,canonical_pruned,all,n/a,12,4096,40000,16,10,0,0,740,16,163840000,17,wide+chunk,16,12,960,1700,3.090819,3.079483,3.104219,144.958911,144.868822,145.057343,30
sparse_grid,2,200,40000,65536,morton,naive_dedup,block,aligned,0,1,625,625,625,1335,0,78500,625,2560000,17,group+chunk,1,0,0,78500,0.150619,0.150138,0.151261,3.429899,3.429037,3.430555,30
sparse_grid,2,200,40000,65536,morton,naive_dedup,block,aligned,1,2,625,325,313,710,25,42500,325,2560000,17,group+chunk,1,1,80,42580,0.083723,0.082927,0.084635,2.751914,2.751483,2.752521,30
sparse_grid,2,200,40000,65536,morton,naive_dedup,block,aligned,2,4,625,169,157,385,51,24300,169,2560000,17,group+chunk,1,2,160,24460,0.062258,0.062143,0.062348,2.426405,2.425789,2.426870,30
sparse_grid,2,200,40000,65536,morton,naive_dedup,block,aligned,3,8,625,91,79,216,103,16500,91,2560000,17,group+chunk,1,3,240,16740,0.053877,0.053802,0.054002,2.279778,2.279107,2.280164,30
sparse_grid,2,200,40000,65536,morton,naive_dedup,block,aligned,4,16,625,49,40,125,159,13420,49,2560000,17,group+chunk,1,4,320,13740,0.050921,0.050841,0.051016,2.209465,2.208578,2.209966,30
sparse_grid,2,200,40000,65536,morton,naive_dedup,block,aligned,5,32,625,28,20,76,271,15100,28,2560000,17,group+chunk,1,5,400,15500,0.051797,0.051622,0.051908,2.187760,2.187343,2.188596,30
sparse_grid,2,200,40000,65536,morton,naive_dedup,block,aligned,6,64,625,16,10,48,399,18620,16,2560000,17,group+chunk,1,6,480,19100,0.053626,0.053556,0.053711,2.187294,2.186813,2.187650,30
sparse_grid,2,200,40000,65536,morton,naive_dedup,block,aligned,7,128,625,8,5,32,399,17660,8,2560000,17,group+chunk,1,7,560,18220,0.053095,0.053015,0.053231,2.174985,2.174675,2.175942,30
sparse_grid,2,200,40000,65536,morton,naive_dedup,block,aligned,8,256,625,4,3,24,399,17180,4,2560000,17,group+chunk,1,8,640,17820,0.052940,0.052840,0.053101,2.169715,2.169254,2.170061,30
sparse_grid,2,200,40000,65536,morton,naive_dedup,block,aligned,9,512,625,4,2,20,1423,57980,4,2560000,17,group+chunk,1,9,720,58700,0.079675,0.078869,0.080897,2.321156,2.320685,2.323135,30
sparse_grid,2,200,40000,65536,morton,naive_dedup,block,aligned,10,1024,625,4,1,16,3471,139740,4,2560000,17,group+chunk,1,10,800,140540,0.148906,0.148686,0.149272,2.663412,2.663012,2.664314,30
sparse_grid,2,200,40000,65536,morton,naive_dedup,block,aligned,11,2048,625,4,1,12,7567,303420,4,2560000,17,group+chunk,1,11,880,304300,0.288384,0.288073,0.288715,3.319986,3.318519,3.320347,30
sparse_grid,2,200,40000,65536,morton,naive_dedup,block,aligned,12,4096,625,4,1,8,15759,630940,4,2560000,17,group+chunk,1,12,960,631900,0.577730,0.577069,0.578337,4.633385,4.632484,4.634873,30
sparse_grid,2,200,40000,65536,morton,canonical_pruned,block,aligned,0,1,625,625,625,87,0,28580,625,2560000,17,wide+chunk,625,0,0,28580,0.098977,0.098010,0.099823,2.179098,2.178301,2.180130,30
sparse_grid,2,200,40000,65536,morton,canonical_pruned,block,aligned,1,2,625,325,313,62,25,16580,325,2560000,17,wide+chunk,325,1,80,16660,0.062478,0.062267,0.063033,2.144163,2.143782,2.145810,30
sparse_grid,2,200,40000,65536,morton,canonical_pruned,block,aligned,2,4,625,169,157,49,51,10860,169,2560000,17,wide+chunk,169,2,160,11020,0.053801,0.053687,0.053877,2.136248,2.135817,2.136888,30
sparse_grid,2,200,40000,65536,morton,canonical_pruned,block,aligned,3,8,625,91,79,36,103,9300,91,2560000,17,wide+chunk,91,3,240,9540,0.050435,0.050375,0.050490,2.135776,2.135581,2.135991,30
sparse_grid,2,200,40000,65536,morton,canonical_pruned,block,aligned,4,16,625,49,40,29,159,9580,49,2560000,17,wide+chunk,49,4,320,9900,0.049774,0.049663,0.049869,2.140370,2.139548,2.141006,30
sparse_grid,2,200,40000,65536,morton,canonical_pruned,block,aligned,5,32,625,28,20,22,271,12940,28,2560000,17,wide+chunk,28,5,400,13340,0.051598,0.051507,0.051717,2.152888,2.152704,2.153455,30
sparse_grid,2,200,40000,65536,morton,canonical_pruned,block,aligned,6,64,625,16,10,18,399,17420,16,2560000,17,wide+chunk,16,6,480,17900,0.053887,0.053711,0.054112,2.170167,2.169651,2.170757,30
sparse_grid,2,200,40000,65536,morton,canonical_pruned,block,aligned,7,128,625,8,5,18,399,17100,8,2560000,17,wide+chunk,8,7,560,17660,0.053446,0.053340,0.053511,2.169455,2.168543,2.169961,30
sparse_grid,2,200,40000,65536,morton,canonical_pruned,block,aligned,8,256,625,4,3,18,399,16940,4,2560000,17,wide+chunk,4,8,640,17580,0.053235,0.053126,0.053325,2.168347,2.167886,2.169364,30
sparse_grid,2,200,40000,65536,morton,canonical_pruned,block,aligned,9,512,625,4,2,14,1423,57740,4,2560000,17,wide+chunk,4,9,720,58460,0.080557,0.080041,0.081604,2.324528,2.321527,2.326752,30
sparse_grid,2,200,40000,65536,morton,canonical_pruned,block,aligned,10,1024,625,4,1,10,3471,139500,4,2560000,17,wide+chunk,4,10,800,140300,0.148535,0.148415,0.148891,2.664680,2.664014,2.666322,30
sparse_grid,2,200,40000,65536,morton,canonical_pruned,block,aligned,11,2048,625,4,1,6,7567,303180,4,2560000,17,wide+chunk,4,11,880,304060,0.289651,0.289286,0.296921,3.324024,3.319576,3.419374,30
sparse_grid,2,200,40000,65536,morton,canonical_pruned,block,aligned,12,4096,625,4,1,2,15759,630700,4,2560000,17,wide+chunk,4,12,960,631660,0.573508,0.573082,0.574810,4.633486,4.631527,4.635594,30
sparse_grid,2,200,40000,65536,morton,naive_dedup,block,offset,0,1,625,625,625,1346,0,78940,625,2560000,17,group+chunk,1,0,0,78940,0.155268,0.154802,0.155714,3.425045,3.424503,3.425546,30
sparse_grid,2,200,40000,65536,morton,naive_dedup,block,offset,1,2,625,325,313,721,25,42940,325,2560000,17,group+chunk,1,1,80,43020,0.087535,0.086754,0.088462,2.755105,2.754168,2.755787,30
sparse_grid,2,200,40000,65536,morton,naive_dedup,block,offset,2,4,625,169,157,396,51,24740,169,2560000,17,group+chunk,1,2,160,24900,0.063009,0.062753,0.063219,2.427131,2.426700,2.427582,30
sparse_grid,2,200,40000,65536,morton,naive_dedup,block,offset,3,8,625,91,79,227,103,16940,91,2560000,17,group+chunk,1,3,240,17180,0.054087,0.054042,0.054192,2.279733,2.279096,2.280274,30
sparse_grid,2,200,40000,65536,morton,naive_dedup,block,offset,4,16,625,49,40,136,159,13860,49,2560000,17,group+chunk,1,4,320,14180,0.051011,0.050932,0.051172,2.208624,2.208519,2.209084,30
sparse_grid,2,200,40000,65536,morton,naive_dedup,block,offset,5,32,625,28,20,87,271,15540,28,2560000,17,group+chunk,1,5,400,15940,0.051513,0.051412,0.051773,2.187088,2.186507,2.187389,30
sparse_grid,2,200,40000,65536,morton,naive_dedup,block,offset,6,64,625,16,10,59,399,19060,16,2560000,17,group+chunk,1,6,480,19540,0.054198,0.053536,0.055860,2.224073,2.189051,2.287592,30
sparse_grid,2,200,40000,65536,morton,naive_dedup,block,offset,7,128,625,12,5,43,911,38740,12,2560000,17,group+chunk,1,7,560,39300,0.066195,0.065970,0.066906,2.254475,2.253424,2.254816,30
sparse_grid,2,200,40000,65536,morton,naive_dedup,block,offset,8,256,625,9,3,31,1679,68860,9,2560000,17,group+chunk,1,8,640,69500,0.089604,0.089164,0.090175,2.375209,2.373806,2.375990,30
sparse_grid,2,200,40000,65536,morton,naive_dedup,block,offset,9,512,625,6,2,22,2447,99100,6,2560000,17,group+chunk,1,9,720,99820,0.115788,0.115618,0.116279,2.501542,2.500530,2.502137,30
sparse_grid,2,200,40000,65536,morton,naive_dedup,block,offset,10,1024,625,4,1,16,3471,139740,4,2560000,17,group+chunk,1,10,800,140540,0.148009,0.147774,0.148075,2.662114,2.661764,2.663221,30
sparse_grid,2,200,40000,65536,morton,naive_dedup,block,offset,11,2048,625,4,1,12,7567,303420,4,2560000,17,group+chunk,1,11,880,304300,0.287147,0.286841,0.287674,3.316961,3.316194,3.318113,30
sparse_grid,2,200,40000,65536,morton,naive_dedup,block,offset,12,4096,625,4,1,8,15759,630940,4,2560000,17,group+chunk,1,12,960,631900,0.574404,0.573824,0.574795,4.626412,4.625215,4.627313,30
sparse_grid,2,200,40000,65536,morton,canonical_pruned,block,offset,0,1,625,625,625,98,0,29020,625,2560000,17,wide+chunk,625,0,0,29020,0.099188,0.098616,0.099998,2.183356,2.182779,2.184508,30
sparse_grid,2,200,40000,65536,morton,canonical_pruned,block,offset,1,2,625,325,313,73,25,17020,325,2560000,17,wide+chunk,325,1,80,17100,0.063941,0.063494,0.065093,2.146917,2.146331,2.148660,30
sparse_grid,2,200,40000,65536,morton,canonical_pruned,block,offset,2,4,625,169,157,60,51,11300,169,2560000,17,wide+chunk,169,2,160,11460,0.054182,0.054113,0.054252,2.138165,2.137740,2.138561,30
sparse_grid,2,200,40000,65536,morton,canonical_pruned,block,offset,3,8,625,91,79,47,103,9740,91,2560000,17,wide+chunk,91,3,240,9980,0.050745,0.050641,0.050841,2.138201,2.138041,2.138777,30
sparse_grid,2,200,40000,65536,morton,canonical_pruned,block,offset,4,16,625,49,40,40,159,10020,49,2560000,17,wide+chunk,49,4,320,10340,0.050225,0.050170,0.050315,2.141582,2.141362,2.142093,30
sparse_grid,2,200,40000,65536,morton,canonical_pruned,block,offset,5,32,625,28,20,33,271,13380,28,2560000,17,wide+chunk,28,5,400,13780,0.052118,0.051868,0.052208,2.155127,2.155003,2.155528,30
sparse_grid,2,200,40000,65536,morton,canonical_pruned,block,offset,6,64,625,16,10,29,399,17860,16,2560000,17,wide+chunk,16,6,480,18340,0.054087,0.054047,0.054238,2.171038,2.170752,2.171514,30
sparse_grid,2,200,40000,65536,morton,canonical_pruned,block,offset,7,128,625,12,5,21,911,37860,12,2560000,17,wide+chunk,12,7,560,38420,0.067272,0.066931,0.067888,2.247497,2.245583,2.248018,30
sparse_grid,2,200,40000,65536,morton,canonical_pruned,block,offset,8,256,625,9,3,15,1679,68220,9,2560000,17,wide+chunk,9,8,640,68860,0.090792,0.090371,0.091678,2.368410,2.367198,2.370845,30
sparse_grid,2,200,40000,65536,morton,canonical_pruned,block,offset,9,512,625,6,2,12,2447,98700,6,2560000,17,wide+chunk,6,9,720,99420,0.116165,0.115669,0.116870,2.497453,2.497003,2.498661,30
sparse_grid,2,200,40000,65536,morton,canonical_pruned,block,offset,10,1024,625,4,1,10,3471,139500,4,2560000,17,wide+chunk,4,10,800,140300,0.149437,0.149177,0.150048,2.661028,2.660712,2.662174,30
sparse_grid,2,200,40000,65536,morton,canonical_pruned,block,offset,11,2048,625,4,1,6,7567,303180,4,2560000,17,wide+chunk,4,11,880,304060,0.288144,0.287768,0.288755,3.316896,3.315358,3.317762,30
sparse_grid,2,200,40000,65536,morton,canonical_pruned,block,offset,12,4096,625,4,1,2,15759,630700,4,2560000,17,wide+chunk,4,12,960,631660,0.575281,0.574910,0.576774,4.625401,4.624233,4.625991,30
sparse_grid,2,200,40000,65536,morton,naive_dedup,strided,aligned,0,1,625,625,625,1671,0,91940,625,2560000,17,group+chunk,1,0,0,91940,0.446377,0.445771,0.446964,3.697709,3.695936,3.698667,30
sparse_grid,2,200,40000,65536,morton,naive_dedup,strided,aligned,1,2,625,325,313,1046,25,55940,325,2560000,17,group+chunk,1,1,80,56020,0.376490,0.375599,0.377713,3.030425,3.027173,3.032890,30
sparse_grid,2,200,40000,65536,morton,naive_dedup,strided,aligned,2,4,625,325,157,721,675,68940,325,2560000,17,group+chunk,1,2,160,69100,0.391238,0.390377,0.391649,3.101479,3.099330,3.106053,30
sparse_grid,2,200,40000,65536,morton,naive_dedup,strided,aligned,3,8,625,175,79,396,775,53940,175,2560000,17,group+chunk,1,3,240,54180,0.366617,0.365876,0.367549,2.816766,2.815529,2.819647,30
sparse_grid,2,200,40000,65536,morton,naive_dedup,strided,aligned,4,16,625,91,40,221,831,45820,91,2560000,17,group+chunk,1,4,320,46140,0.354224,0.353808,0.354644,2.665807,2.663843,2.669038,30
sparse_grid,2,200,40000,65536,morton,naive_dedup,strided,aligned,5,32,625,52,20,130,1039,48940,52,2560000,17,group+chunk,1,5,400,49340,0.355831,0.354840,0.356358,2.631176,2.630505,2.634202,30
sparse_grid,2,200,40000,65536,morton,naive_dedup,strided,aligned,6,64,625,28,10,78,1167,51020,28,2560000,17,group+chunk,1,6,480,51500,0.354965,0.354729,0.355551,2.612862,2.610763,2.614284,30
sparse_grid,2,200,40000,65536,morton,naive_dedup,strided,aligned,7,128,625,14,5,50,1167,49340,14,2560000,17,group+chunk,1,7,560,49900,0.354379,0.353828,0.355136,2.596831,2.593986,2.600148,30
sparse_grid,2,200,40000,65536,morton,naive_dedup,strided,aligned,8,256,625,8,3,36,1423,58780,8,2560000,17,group+chunk,1,8,640,59420,0.361813,0.361357,0.362599,2.628932,2.626918,2.630405,30
sparse_grid,2,200,40000,65536,morton,naive_dedup,strided,aligned,9,512,625,8,2,28,3471,140380,8,2560000,17,group+chunk,1,9,720,141100,0.425563,0.424987,0.426760,2.958053,2.955759,2.960068,30
sparse_grid,2,200,40000,65536,morton,naive_dedup,strided,aligned,10,1024,625,6,1,20,5519,221900,6,2560000,17,group+chunk,1,10,800,222700,0.493807,0.493271,0.494303,3.284364,3.282160,3.285927,30
sparse_grid,2,200,40000,65536,morton,naive_dedup,strided,aligned,11,2048,625,6,1,14,11663,467420,6,2560000,17,group+chunk,1,11,880,468300,0.707886,0.707601,0.708357,4.262505,4.260527,4.266514,30
sparse_grid,2,200,40000,65536,morton,naive_dedup,strided,aligned,12,4096,625,4,1,8,15759,630940,4,2560000,17,group+chunk,1,12,960,631900,0.852659,0.851934,0.853617,4.915603,4.914065,4.917015,30
sparse_grid,2,200,40000,65536,morton,canonical_pruned,strided,aligned,0,1,625,625,625,423,0,42020,625,2560000,17,wide+chunk,625,0,0,42020,0.416667,0.416140,0.417192,2.532981,2.531067,2.535180,30
sparse_grid,2,200,40000,65536,morton,canonical_pruned,strided,aligned,1,2,625,325,313,398,25,30020,325,2560000,17,wide+chunk,325,1,80,30100,0.384010,0.383725,0.385402,2.507082,2.503836,2.508339,30
sparse_grid,2,200,40000,65536,morton,canonical_pruned,strided,aligned,2,4,625,325,157,73,675,43020,325,2560000,17,wide+chunk,325,2,160,43180,0.370970,0.370414,0.371562,2.552963,2.551571,2.555233,30
sparse_grid,2,200,40000,65536,morton,canonical_pruned,strided,aligned,3,8,625,175,79,48,775,40020,175,2560000,17,wide+chunk,175,3,240,40260,0.357695,0.356973,0.358006,2.545781,2.544237,2.547909,30
sparse_grid,2,200,40000,65536,morton,canonical_pruned,strided,aligned,4,16,625,91,40,41,831,38620,91,2560000,17,wide+chunk,91,4,320,38940,0.349970,0.349614,0.350752,2.540746,2.539242,2.543465,30
sparse_grid,2,200,40000,65536,morton,canonical_pruned,strided,aligned,5,32,625,52,20,28,1039,44860,52,2560000,17,wide+chunk,52,5,400,45260,0.353693,0.353162,0.355471,2.571122,2.568117,2.572325,30
sparse_grid,2,200,40000,65536,morton,canonical_pruned,strided,aligned,6,64,625,28,10,24,1167,48860,28,2560000,17,wide+chunk,28,6,480,49340,0.357305,0.356843,0.358321,2.588270,2.586813,2.589798,30
sparse_grid,2,200,40000,65536,morton,canonical_pruned,strided,aligned,7,128,625,14,5,24,1167,48300,14,2560000,17,wide+chunk,14,7,560,48860,0.356353,0.355190,0.357074,2.585310,2.583015,2.590645,30
sparse_grid,2,200,40000,65536,morton,canonical_pruned,strided,aligned,8,256,625,8,3,22,1423,58220,8,2560000,17,wide+chunk,8,8,640,58860,0.361051,0.360691,0.361287,2.625090,2.623366,2.627199,30
sparse_grid,2,200,40000,65536,morton,canonical_pruned,strided,aligned,9,512,625,8,2,14,3471,139820,8,2560000,17,wide+chunk,8,9,720,140540,0.425990,0.425533,0.426485,2.951847,2.949462,2.953950,30
sparse_grid,2,200,40000,65536,morton,canonical_pruned,strided,aligned,10,1024,625,6,1,10,5519,221500,6,2560000,17,wide+chunk,6,10,800,222300,0.494429,0.494027,0.495775,3.283717,3.282080,3.284945,30
sparse_grid,2,200,40000,65536,morton,canonical_pruned,strided,aligned,11,2048,625,6,1,4,11663,467020,6,2560000,17,wide+chunk,6,11,880,467900,0.707901,0.707391,0.709349,4.262736,4.261434,4.264444,30
sparse_grid,2,200,40000,65536,morton,canonical_pruned,strided,aligned,12,4096,625,4,1,2,15759,630700,4,2560000,17,wide+chunk,4,12,960,631660,0.852083,0.851377,0.853020,4.918398,4.916700,4.921209,30
sparse_grid,2,200,40000,65536,morton,naive_dedup,strided,offset,0,1,625,625,625,1682,0,92380,625,2560000,17,group+chunk,1,0,0,92380,0.442059,0.441172,0.442997,3.694749,3.693532,3.696237,30
sparse_grid,2,200,40000,65536,morton,naive_dedup,strided,offset,1,2,625,325,313,1057,25,56380,325,2560000,17,group+chunk,1,1,80,56460,0.374913,0.374096,0.375464,3.023883,3.022886,3.025310,30
sparse_grid,2,200,40000,65536,morton,naive_dedup,strided,offset,2,4,625,325,157,732,675,69380,325,2560000,17,group+chunk,1,2,160,69540,0.390802,0.390221,0.392562,3.098779,3.096259,3.101439,30
sparse_grid,2,200,40000,65536,morton,naive_dedup,strided,offset,3,8,625,175,79,407,775,54380,175,2560000,17,group+chunk,1,3,240,54620,0.367223,0.366081,0.368480,2.814052,2.811091,2.816816,30
sparse_grid,2,200,40000,65536,morton,naive_dedup,strided,offset,4,16,625,91,40,232,831,46260,91,2560000,17,group+chunk,1,4,320,46580,0.352165,0.351383,0.353712,2.662501,2.660878,2.664093,30
sparse_grid,2,200,40000,65536,morton,naive_dedup,strided,offset,5,32,625,52,20,141,1039,49380,52,2560000,17,group+chunk,1,5,400,49780,0.354043,0.352997,0.354719,2.630800,2.628972,2.633391,30
sparse_grid,2,200,40000,65536,morton,naive_dedup,strided,offset,6,64,625,28,10,89,1167,51460,28,2560000,17,group+chunk,1,6,480,51940,0.351985,0.351583,0.352836,2.607862,2.606655,2.609330,30
sparse_grid,2,200,40000,65536,morton,naive_dedup,strided,offset,7,128,625,21,5,61,2063,85900,21,2560000,17,group+chunk,1,7,560,86460,0.381625,0.379972,0.389390,2.748658,2.746759,2.751173,30
sparse_grid,2,200,40000,65536,morton,naive_dedup,strided,offset,8,256,625,12,3,40,2447,100060,12,2560000,17,group+chunk,1,8,640,100700,0.391339,0.390687,0.392315,2.793603,2.793187,2.796198,30
sparse_grid,2,200,40000,65536,morton,naive_dedup,strided,offset,9,512,625,8,2,28,3471,140380,8,2560000,17,group+chunk,1,9,720,141100,0.424261,0.423108,0.425533,2.952127,2.950991,2.998374,30
sparse_grid,2,200,40000,65536,morton,naive_dedup,strided,offset,10,1024,625,6,1,20,5519,221900,6,2560000,17,group+chunk,1,10,800,222700,0.490706,0.489474,0.490936,3.281799,3.279109,3.452737,30
sparse_grid,2,200,40000,65536,morton,naive_dedup,strided,offset,11,2048,625,6,1,14,11663,467420,6,2560000,17,group+chunk,1,11,880,468300,0.703563,0.703162,0.704640,4.262681,4.260867,4.264159,30
sparse_grid,2,200,40000,65536,morton,naive_dedup,strided,offset,12,4096,625,4,1,8,15759,630940,4,2560000,17,group+chunk,1,12,960,631900,0.845296,0.844173,0.846713,4.913844,4.911540,4.917462,30
sparse_grid,2,200,40000,65536,morton,canonical_pruned,strided,offset,0,1,625,625,625,434,0,42460,625,2560000,17,wide+chunk,625,0,0,42460,0.415133,0.414893,0.416065,2.533612,2.531473,2.534785,30
sparse_grid,2,200,40000,65536,morton,canonical_pruned,strided,offset,1,2,625,325,313,409,25,30460,325,2560000,17,wide+chunk,325,1,80,30540,0.381936,0.381474,0.382868,2.506411,2.504196,2.508139,30
sparse_grid,2,200,40000,65536,morton,canonical_pruned,strided,offset,2,4,625,325,157,84,675,43460,325,2560000,17,wide+chunk,325,2,160,43620,0.371306,0.370564,0.372218,2.552673,2.549381,2.554426,30
sparse_grid,2,200,40000,65536,morton,canonical_pruned,strided,offset,3,8,625,175,79,59,775,40460,175,2560000,17,wide+chunk,175,3,240,40700,0.357004,0.356603,0.357695,2.544148,2.542969,2.546036,30
sparse_grid,2,200,40000,65536,morton,canonical_pruned,strided,offset,4,16,625,91,40,52,831,39060,91,2560000,17,wide+chunk,91,4,320,39380,0.347310,0.346915,0.347841,2.541232,2.539438,2.544508,30
sparse_grid,2,200,40000,65536,morton,canonical_pruned,strided,offset,5,32,625,52,20,39,1039,45300,52,2560000,17,wide+chunk,52,5,400,45700,0.351298,0.350778,0.352330,2.571378,2.567986,2.575702,30
sparse_grid,2,200,40000,65536,morton,canonical_pruned,strided,offset,6,64,625,28,10,35,1167,49300,28,2560000,17,wide+chunk,28,6,480,49780,0.352926,0.351764,0.354148,2.585279,2.581252,2.586047,30
sparse_grid,2,200,40000,65536,morton,canonical_pruned,strided,offset,7,128,625,21,5,21,2063,84300,21,2560000,17,wide+chunk,21,7,560,84860,0.375774,0.375093,0.376250,2.722364,2.720971,2.724843,30
sparse_grid,2,200,40000,65536,morton,canonical_pruned,strided,offset,8,256,625,12,3,18,2447,99180,12,2560000,17,wide+chunk,12,8,640,99820,0.389435,0.388789,0.390867,2.786620,2.785608,2.788693,30
sparse_grid,2,200,40000,65536,morton,canonical_pruned,strided,offset,9,512,625,8,2,14,3471,139820,8,2560000,17,wide+chunk,8,9,720,140540,0.420930,0.419702,0.421536,2.947348,2.945600,2.948590,30
sparse_grid,2,200,40000,65536,morton,canonical_pruned,strided,offset,10,1024,625,6,1,10,5519,221500,6,2560000,17,wide+chunk,6,10,800,222300,0.489429,0.488312,0.491112,3.276555,3.273007,3.278944,30
sparse_grid,2,200,40000,65536,morton,canonical_pruned,strided,offset,11,2048,625,6,1,4,11663,467020,6,2560000,17,wide+chunk,6,11,880,467900,0.706418,0.705938,0.707540,4.259149,4.256339,4.261233,30
sparse_grid,2,200,40000,65536,morton,canonical_pruned,strided,offset,12,4096,625,4,1,2,15759,630700,4,2560000,17,wide+chunk,4,12,960,631660,0.846888,0.845536,0.848828,4.912783,4.909567,4.915307,30
sparse_grid,2,200,40000,65536,morton,naive_dedup,sparse,aligned,0,1,625,625,625,4508,0,205420,625,2560000,17,group+chunk,1,0,0,205420,11.271921,11.261230,11.306566,14.807294,14.693794,14.874576,30
sparse_grid,2,200,40000,65536,morton,naive_dedup,sparse,aligned,1,2,625,623,313,3883,621,205180,623,2560000,17,group+chunk,1,1,80,205260,11.376413,11.345459,11.414250,14.859988,14.664193,18.622815,30
sparse_grid,2,200,40000,65536,morton,naive_dedup,sparse,aligned,2,4,625,609,157,3260,1811,227300,609,2560000,17,group+chunk,1,2,160,227460,11.429327,11.372666,11.573534,14.845104,14.739350,15.071687,30
sparse_grid,2,200,40000,65536,morton,naive_dedup,sparse,aligned,3,8,625,591,79,2651,4103,293900,591,2560000,17,group+chunk,1,3,240,294140,11.435569,11.418021,14.967391,15.063823,14.983286,15.202901,30
sparse_grid,2,200,40000,65536,morton,naive_dedup,sparse,aligned,4,16,625,559,40,2060,8319,437620,559,2560000,17,group+chunk,1,4,320,437940,11.524086,11.514138,11.681369,15.531254,15.511182,15.580709,30
sparse_grid,2,200,40000,65536,morton,naive_dedup,sparse,aligned,5,32,625,487,20,1501,14959,677980,487,2560000,17,group+chunk,1,5,400,678380,11.752077,11.726734,12.179438,16.497173,16.446477,18.530596,30
sparse_grid,2,200,40000,65536,morton,naive_dedup,sparse,aligned,6,64,625,388,10,1014,24207,1024460,388,2560000,17,group+chunk,1,6,480,1024940,12.059327,12.008471,12.164641,17.722926,17.695846,17.849991,30
sparse_grid,2,200,40000,65536,morton,naive_dedup,sparse,aligned,7,128,625,272,5,626,33295,1367820,272,2560000,17,group+chunk,1,7,560,1368380,12.326811,12.315926,12.366221,19.168375,19.140608,20.188640,30
sparse_grid,2,200,40000,65536,morton,naive_dedup,sparse,aligned,8,256,625,160,3,354,37967,1539340,160,2560000,17,group+chunk,1,8,640,1539980,12.466155,12.365615,13.259682,19.945722,19.839868,20.075788,30
sparse_grid,2,200,40000,65536,morton,naive_dedup,sparse,aligned,9,512,625,87,2,194,38863,1565860,87,2560000,17,group+chunk,1,9,720,1566580,12.384676,12.359273,12.617099,20.510553,20.249761,20.578421,30
sparse_grid,2,200,40000,65536,morton,naive_dedup,sparse,aligned,10,1024,625,49,1,107,39375,1581340,49,2560000,17,group+chunk,1,10,800,1582140,12.596090,12.566865,12.662340,21.374088,21.248796,21.545772,30
sparse_grid,2,200,40000,65536,morton,naive_dedup,sparse,aligned,11,2048,625,28,1,58,39375,1578540,28,2560000,17,group+chunk,1,11,880,1579420,12.729051,12.660176,12.971894,22.318786,22.285854,22.545063,30
sparse_grid,2,200,40000,65536,morton,naive_dedup,sparse,aligned,12,4096,625,16,1,30,39375,1576940,16,2560000,17,group+chunk,1,12,960,1577900,12.716923,12.703473,12.763496,23.537872,23.513005,23.737689,30
sparse_grid,2,200,40000,65536,morton,canonical_pruned,sparse,aligned,0,1,625,625,625,3260,0,155500,625,2560000,17,wide+chunk,625,0,0,155500,11.970028,11.918356,16.684952,14.097534,14.085506,14.242317,30
sparse_grid,2,200,40000,65536,morton,canonical_pruned,sparse,aligned,1,2,625,623,313,2639,621,155420,623,2560000,17,wide+chunk,623,1,80,155500,11.817556,11.599614,11.921376,14.363957,14.213898,15.419324,30
sparse_grid,2,200,40000,65536,morton,canonical_pruned,sparse,aligned,2,4,625,609,157,2044,1811,178660,609,2560000,17,wide+chunk,609,2,160,178820,11.805132,11.668363,11.848965,14.271206,14.152252,14.456516,30
sparse_grid,2,200,40000,65536,morton,canonical_pruned,sparse,aligned,3,8,625,591,79,1471,4103,246700,591,2560000,17,wide+chunk,591,3,240,246940,11.540332,11.511979,14.790737,14.437535,14.397014,14.596365,30
sparse_grid,2,200,40000,65536,morton,canonical_pruned,sparse,aligned,4,16,625,559,40,944,8319,392980,559,2560000,17,wide+chunk,559,4,320,393300,11.722957,11.665533,11.915966,15.103247,14.981177,15.354642,30
sparse_grid,2,200,40000,65536,morton,canonical_pruned,sparse,aligned,5,32,625,487,20,529,14959,639100,487,2560000,17,wide+chunk,487,5,400,639500,11.806449,11.785114,11.977888,16.439574,16.152949,23.385966,30
sparse_grid,2,200,40000,65536,morton,canonical_pruned,sparse,aligned,6,64,625,388,10,240,24207,993500,388,2560000,17,wide+chunk,388,6,480,993980,12.130482,12.096637,12.344470,17.473871,17.416182,17.706501,30
sparse_grid,2,200,40000,65536,morton,canonical_pruned,sparse,aligned,7,128,625,272,5,84,33295,1346140,272,2560000,17,wide+chunk,272,7,560,1346700,12.228180,12.211794,12.278426,18.925366,18.820784,19.093729,30
sparse_grid,2,200,40000,65536,morton,canonical_pruned,sparse,aligned,8,256,625,160,3,36,37967,1526620,160,2560000,17,wide+chunk,160,8,640,1527260,12.458105,12.421466,12.497569,19.863487,19.785510,19.984966,30
sparse_grid,2,200,40000,65536,morton,canonical_pruned,sparse,aligned,9,512,625,87,2,22,38863,1558980,87,2560000,17,wide+chunk,87,9,720,1559700,12.731771,12.526559,12.781565,20.361252,20.326605,20.462993,30
sparse_grid,2,200,40000,65536,morton,canonical_pruned,sparse,aligned,10,1024,625,49,1,11,39375,1577500,49,2560000,17,wide+chunk,49,10,800,1578300,12.601795,12.579458,12.892834,21.210475,21.177918,21.428280,30
sparse_grid,2,200,40000,65536,morton,canonical_pruned,sparse,aligned,11,2048,625,28,1,4,39375,1576380,28,2560000,17,wide+chunk,28,11,880,1577260,12.832722,12.693920,13.105467,22.419671,22.179423,22.617605,30
sparse_grid,2,200,40000,65536,morton,canonical_pruned,sparse,aligned,12,4096,625,16,1,0,39375,1575740,16,2560000,17,wide+chunk,16,12,960,1576700,12.674864,12.596235,12.908725,23.560399,23.416668,23.710794,30
sparse_grid,2,200,40000,65536,morton,naive_dedup,sparse,offset,0,1,625,625,625,4508,0,205420,625,2560000,17,group+chunk,1,0,0,205420,11.453433,11.444050,11.622197,14.721711,14.700727,14.884304,30
sparse_grid,2,200,40000,65536,morton,naive_dedup,sparse,offset,1,2,625,623,313,3883,621,205180,623,2560000,17,group+chunk,1,1,80,205260,11.542120,11.517324,11.751220,14.703603,14.683826,14.864297,30
sparse_grid,2,200,40000,65536,morton,naive_dedup,sparse,offset,2,4,625,609,157,3260,1811,227300,609,2560000,17,group+chunk,1,2,160,227460,11.575238,11.486877,12.411135,14.955313,14.836809,15.189870,30
sparse_grid,2,200,40000,65536,morton,naive_dedup,sparse,offset,3,8,625,591,79,2651,4103,293900,591,2560000,17,group+chunk,1,3,240,294140,11.584776,11.517409,11.717216,15.118701,15.087928,15.282336,30
sparse_grid,2,200,40000,65536,morton,naive_dedup,sparse,offset,4,16,625,559,40,2060,8319,437620,559,2560000,17,group+chunk,1,4,320,437940,11.721599,11.655625,15.034202,15.657349,15.628789,15.978875,30
sparse_grid,2,200,40000,65536,morton,naive_dedup,sparse,offset,5,32,625,487,20,1501,14959,677980,487,2560000,17,group+chunk,1,5,400,678380,11.847391,11.833811,15.531852,16.552698,16.508644,16.728195,30
sparse_grid,2,200,40000,65536,morton,naive_dedup,sparse,offset,6,64,625,388,10,1014,24207,1024460,388,2560000,17,group+chunk,1,6,480,1024940,13.715152,12.186426,19.389758,17.833109,17.807145,17.922744,30
sparse_grid,2,200,40000,65536,morton,naive_dedup,sparse,offset,7,128,625,272,5,626,33295,1367820,272,2560000,17,group+chunk,1,7,560,1368380,12.559216,12.521895,13.983334,19.339503,19.284609,19.444276,30
sparse_grid,2,200,40000,65536,morton,naive_dedup,sparse,offset,8,256,625,160,3,354,37967,1539340,160,2560000,17,group+chunk,1,8,640,1539980,19.776262,12.888016,19.895573,20.137083,20.104526,20.255953,30
sparse_grid,2,200,40000,65536,morton,naive_dedup,sparse,offset,9,512,625,87,2,194,38863,1565860,87,2560000,17,group+chunk,1,9,720,1566580,14.013295,12.716152,19.953467,20.648378,20.591151,20.782561,30
sparse_grid,2,200,40000,65536,morton,naive_dedup,sparse,offset,10,1024,625,49,1,107,39375,1581340,49,2560000,17,group+chunk,1,10,800,1582140,12.783929,12.778990,12.795702,21.405482,21.393545,21.423857,30
sparse_grid,2,200,40000,65536,morton,naive_dedup,sparse,offset,11,2048,625,28,1,58,39375,1578540,28,2560000,17,group+chunk,1,11,880,1579420,12.899142,12.806161,19.846990,22.444769,22.424967,22.465608,30
sparse_grid,2,200,40000,65536,morton,naive_dedup,sparse,offset,12,4096,625,16,1,30,39375,1576940,16,2560000,17,group+chunk,1,12,960,1577900,12.831464,12.819151,12.996721,23.716750,23.690841,23.741953,30
sparse_grid,2,200,40000,65536,morton,canonical_pruned,sparse,offset,0,1,625,625,625,3260,0,155500,625,2560000,17,wide+chunk,625,0,0,155500,11.784223,11.707923,12.100995,21.400393,14.245613,21.456398,30
sparse_grid,2,200,40000,65536,morton,canonical_pruned,sparse,offset,1,2,625,623,313,2639,621,155420,623,2560000,17,wide+chunk,623,1,80,155500,11.874904,11.729014,11.901253,14.227304,14.208332,14.300366,30
sparse_grid,2,200,40000,65536,morton,canonical_pruned,sparse,offset,2,4,625,609,157,2044,1811,178660,609,2560000,17,wide+chunk,609,2,160,178820,11.754742,11.723573,11.912470,14.345397,14.298638,14.478498,30
sparse_grid,2,200,40000,65536,morton,canonical_pruned,sparse,offset,3,8,625,591,79,1471,4103,246700,591,2560000,17,wide+chunk,591,3,240,246940,11.835008,11.715352,11.936089,14.695262,14.586532,20.146291,30
sparse_grid,2,200,40000,65536,morton,canonical_pruned,sparse,offset,4,16,625,559,40,944,8319,392980,559,2560000,17,wide+chunk,559,4,320,393300,11.806054,11.774664,11.959027,15.150211,15.122750,15.313063,30
sparse_grid,2,200,40000,65536,morton,canonical_pruned,sparse,offset,5,32,625,487,20,529,14959,639100,487,2560000,17,wide+chunk,487,5,400,639500,12.110118,11.978610,12.992434,16.199471,16.128773,16.263126,30
sparse_grid,2,200,40000,65536,morton,canonical_pruned,sparse,offset,6,64,625,388,10,240,24207,993500,388,2560000,17,wide+chunk,388,6,480,993980,12.304044,12.229914,14.896211,17.542676,17.504059,17.660684,30
sparse_grid,2,200,40000,65536,morton,canonical_pruned,sparse,offset,7,128,625,272,5,84,33295,1346140,272,2560000,17,wide+chunk,272,7,560,1346700,13.146925,12.605037,19.732124,19.038049,19.003915,19.182716,30
sparse_grid,2,200,40000,65536,morton,canonical_pruned,sparse,offset,8,256,625,160,3,36,37967,1526620,160,2560000,17,wide+chunk,160,8,640,1527260,12.710937,12.680223,12.794395,20.058104,20.011010,23.164242,30
sparse_grid,2,200,40000,65536,morton,canonical_pruned,sparse,offset,9,512,625,87,2,22,38863,1558980,87,2560000,17,wide+chunk,87,9,720,1559700,12.867788,12.708843,16.891778,20.561955,20.490606,20.662940,30
sparse_grid,2,200,40000,65536,morton,canonical_pruned,sparse,offset,10,1024,625,49,1,11,39375,1577500,49,2560000,17,wide+chunk,49,10,800,1578300,12.776916,12.716788,14.875027,21.400417,21.358007,21.443835,30
sparse_grid,2,200,40000,65536,morton,canonical_pruned,sparse,offset,11,2048,625,28,1,4,39375,1576380,28,2560000,17,wide+chunk,28,11,880,1577260,12.919160,12.847244,13.137757,22.532765,22.489618,22.611323,30
sparse_grid,2,200,40000,65536,morton,canonical_pruned,sparse,offset,12,4096,625,16,1,0,39375,1575740,16,2560000,17,wide+chunk,16,12,960,1576700,12.967380,12.960523,13.148758,23.796045,23.747739,23.850242,30
